date,gvkey,weight
2020-04-30,DGX,0.02040816326530612
2020-04-30,LITE,0.02040816326530612
2020-04-30,PCG,0.02040816326530612
2020-04-30,EQT,0.02040816326530612
2020-04-30,DDOG,0.02040816326530612
2020-04-30,GEN,0.02040816326530612
2020-04-30,NOW,0.02040816326530612
2020-04-30,SBAC,0.02040816326530612
2020-04-30,LLY,0.02040816326530612
2020-04-30,SNPS,0.02040816326530612
2020-04-30,AMGN,0.02040816326530612
2020-04-30,EBAY,0.02040816326530612
2020-04-30,AMD,0.02040816326530612
2020-04-30,DXCM,0.02040816326530612
2020-04-30,EPAM,0.02040816326530612
2020-04-30,DLR,0.02040816326530612
2020-04-30,PYPL,0.02040816326530612
2020-04-30,CDNS,0.02040816326530612
2020-04-30,PODD,0.02040816326530612
2020-04-30,AMZN,0.02040816326530612
2020-04-30,KR,0.02040816326530612
2020-04-30,DPZ,0.02040816326530612
2020-04-30,WST,0.02040816326530612
2020-04-30,NVDA,0.02040816326530612
2020-04-30,CLX,0.02040816326530612
2020-04-30,VEEV,0.02040816326530612
2020-04-30,REGN,0.02040816326530612
2020-04-30,GIS,0.02040816326530612
2020-04-30,CRWD,0.02040816326530612
2020-04-30,TSLA,0.02040816326530612
2020-04-30,HUM,0.02040816326530612
2020-04-30,MPWR,0.02040816326530612
2020-04-30,MSCI,0.02040816326530612
2020-04-30,CNC,0.02040816326530612
2020-04-30,MRNA,0.02040816326530612
2020-04-30,TPL,0.02040816326530612
2020-04-30,FFIV,0.02040816326530612
2020-04-30,MSFT,0.02040816326530612
2020-04-30,CMG,0.02040816326530612
2020-04-30,APA,0.02040816326530612
2020-04-30,NFLX,0.02040816326530612
2020-04-30,CVNA,0.02040816326530612
2020-04-30,ADSK,0.02040816326530612
2020-04-30,GILD,0.02040816326530612
2020-04-30,NEM,0.02040816326530612
2020-04-30,IFF,0.02040816326530612
2020-04-30,INCY,0.02040816326530612
2020-04-30,CIEN,0.02040816326530612
2020-04-30,TTD,0.02040816326530612
2020-05-29,SBAC,0.02040816326530612
2020-05-29,AMD,0.02040816326530612
2020-05-29,SNPS,0.02040816326530612
2020-05-29,POOL,0.02040816326530612
2020-05-29,PANW,0.02040816326530612
2020-05-29,AMZN,0.02040816326530612
2020-05-29,FTNT,0.02040816326530612
2020-05-29,HUM,0.02040816326530612
2020-05-29,VEEV,0.02040816326530612
2020-05-29,IDXX,0.02040816326530612
2020-05-29,EQT,0.02040816326530612
2020-05-29,REGN,0.02040816326530612
2020-05-29,DG,0.02040816326530612
2020-05-29,CLX,0.02040816326530612
2020-05-29,NOW,0.02040816326530612
2020-05-29,LOW,0.02040816326530612
2020-05-29,TTWO,0.02040816326530612
2020-05-29,TSCO,0.02040816326530612
2020-05-29,GEN,0.02040816326530612
2020-05-29,VRT,0.02040816326530612
2020-05-29,CDNS,0.02040816326530612
2020-05-29,PYPL,0.02040816326530612
2020-05-29,DDOG,0.02040816326530612
2020-05-29,NDSN,0.02040816326530612
2020-05-29,CRWD,0.02040816326530612
2020-05-29,TECH,0.02040816326530612
2020-05-29,NEM,0.02040816326530612
2020-05-29,CIEN,0.02040816326530612
2020-05-29,LULU,0.02040816326530612
2020-05-29,CRL,0.02040816326530612
2020-05-29,GIS,0.02040816326530612
2020-05-29,TSLA,0.02040816326530612
2020-05-29,WSM,0.02040816326530612
2020-05-29,VRTX,0.02040816326530612
2020-05-29,DPZ,0.02040816326530612
2020-05-29,SPGI,0.02040816326530612
2020-05-29,MRNA,0.02040816326530612
2020-05-29,DXCM,0.02040816326530612
2020-05-29,COHR,0.02040816326530612
2020-05-29,MPWR,0.02040816326530612
2020-05-29,ODFL,0.02040816326530612
2020-05-29,CCI,0.02040816326530612
2020-05-29,EBAY,0.02040816326530612
2020-05-29,NVDA,0.02040816326530612
2020-05-29,WST,0.02040816326530612
2020-05-29,MNST,0.02040816326530612
2020-05-29,CMG,0.02040816326530612
2020-05-29,TYL,0.02040816326530612
2020-05-29,EA,0.02040816326530612
2020-06-30,MPWR,0.02040816326530612
2020-06-30,TSLA,0.02040816326530612
2020-06-30,XYZ,0.02040816326530612
2020-06-30,TER,0.02040816326530612
2020-06-30,MCHP,0.02040816326530612
2020-06-30,MRNA,0.02040816326530612
2020-06-30,TRGP,0.02040816326530612
2020-06-30,CRWD,0.02040816326530612
2020-06-30,CMG,0.02040816326530612
2020-06-30,CLX,0.02040816326530612
2020-06-30,MSFT,0.02040816326530612
2020-06-30,VEEV,0.02040816326530612
2020-06-30,RMD,0.02040816326530612
2020-06-30,ADBE,0.02040816326530612
2020-06-30,AAPL,0.02040816326530612
2020-06-30,FCX,0.02040816326530612
2020-06-30,TSCO,0.02040816326530612
2020-06-30,COHR,0.02040816326530612
2020-06-30,NVDA,0.02040816326530612
2020-06-30,WST,0.02040816326530612
2020-06-30,ALGN,0.02040816326530612
2020-06-30,CDNS,0.02040816326530612
2020-06-30,LEN,0.02040816326530612
2020-06-30,WSM,0.02040816326530612
2020-06-30,DXCM,0.02040816326530612
2020-06-30,EBAY,0.02040816326530612
2020-06-30,EFX,0.02040816326530612
2020-06-30,SNPS,0.02040816326530612
2020-06-30,AMZN,0.02040816326530612
2020-06-30,APA,0.02040816326530612
2020-06-30,TTD,0.02040816326530612
2020-06-30,NEM,0.02040816326530612
2020-06-30,IDXX,0.02040816326530612
2020-06-30,ADSK,0.02040816326530612
2020-06-30,NFLX,0.02040816326530612
2020-06-30,CVNA,0.02040816326530612
2020-06-30,DHI,0.02040816326530612
2020-06-30,EQT,0.02040816326530612
2020-06-30,LULU,0.02040816326530612
2020-06-30,LRCX,0.02040816326530612
2020-06-30,DDOG,0.02040816326530612
2020-06-30,NOW,0.02040816326530612
2020-06-30,LOW,0.02040816326530612
2020-06-30,VRT,0.02040816326530612
2020-06-30,AXON,0.02040816326530612
2020-06-30,REGN,0.02040816326530612
2020-06-30,BBY,0.02040816326530612
2020-06-30,POOL,0.02040816326530612
2020-06-30,PYPL,0.02040816326530612
2020-07-31,NEM,0.02040816326530612
2020-07-31,TER,0.02040816326530612
2020-07-31,DHI,0.02040816326530612
2020-07-31,CVNA,0.02040816326530612
2020-07-31,CRWD,0.02040816326530612
2020-07-31,CIEN,0.02040816326530612
2020-07-31,PHM,0.02040816326530612
2020-07-31,CSGP,0.02040816326530612
2020-07-31,LOW,0.02040816326530612
2020-07-31,EBAY,0.02040816326530612
2020-07-31,DDOG,0.02040816326530612
2020-07-31,LRCX,0.02040816326530612
2020-07-31,QCOM,0.02040816326530612
2020-07-31,WY,0.02040816326530612
2020-07-31,LULU,0.02040816326530612
2020-07-31,CHD,0.02040816326530612
2020-07-31,DELL,0.02040816326530612
2020-07-31,DXCM,0.02040816326530612
2020-07-31,SWKS,0.02040816326530612
2020-07-31,ROL,0.02040816326530612
2020-07-31,CHRW,0.02040816326530612
2020-07-31,REGN,0.02040816326530612
2020-07-31,FCX,0.02040816326530612
2020-07-31,AMD,0.02040816326530612
2020-07-31,TTD,0.02040816326530612
2020-07-31,POOL,0.02040816326530612
2020-07-31,RVTY,0.02040816326530612
2020-07-31,WST,0.02040816326530612
2020-07-31,VEEV,0.02040816326530612
2020-07-31,MRNA,0.02040816326530612
2020-07-31,GLW,0.02040816326530612
2020-07-31,COHR,0.02040816326530612
2020-07-31,IDXX,0.02040816326530612
2020-07-31,AAPL,0.02040816326530612
2020-07-31,MPWR,0.02040816326530612
2020-07-31,NVDA,0.02040816326530612
2020-07-31,TSCO,0.02040816326530612
2020-07-31,EQT,0.02040816326530612
2020-07-31,CRL,0.02040816326530612
2020-07-31,AMZN,0.02040816326530612
2020-07-31,TSLA,0.02040816326530612
2020-07-31,CDNS,0.02040816326530612
2020-07-31,XYZ,0.02040816326530612
2020-07-31,GNRC,0.02040816326530612
2020-07-31,CLX,0.02040816326530612
2020-07-31,UPS,0.02040816326530612
2020-07-31,FIX,0.02040816326530612
2020-07-31,FSLR,0.02040816326530612
2020-07-31,PYPL,0.02040816326530612
2020-08-31,BBY,0.02040816326530612
2020-08-31,VEEV,0.02040816326530612
2020-08-31,FDX,0.02040816326530612
2020-08-31,UPS,0.02040816326530612
2020-08-31,FSLR,0.02040816326530612
2020-08-31,EQT,0.02040816326530612
2020-08-31,BLDR,0.02040816326530612
2020-08-31,WDAY,0.02040816326530612
2020-08-31,AMZN,0.02040816326530612
2020-08-31,AMD,0.02040816326530612
2020-08-31,POOL,0.02040816326530612
2020-08-31,FCX,0.02040816326530612
2020-08-31,SNPS,0.02040816326530612
2020-08-31,ODFL,0.02040816326530612
2020-08-31,QCOM,0.02040816326530612
2020-08-31,EPAM,0.02040816326530612
2020-08-31,ROL,0.02040816326530612
2020-08-31,JBHT,0.02040816326530612
2020-08-31,PYPL,0.02040816326530612
2020-08-31,TTD,0.02040816326530612
2020-08-31,GNRC,0.02040816326530612
2020-08-31,LOW,0.02040816326530612
2020-08-31,DE,0.02040816326530612
2020-08-31,NOW,0.02040816326530612
2020-08-31,TTWO,0.02040816326530612
2020-08-31,LULU,0.02040816326530612
2020-08-31,DDOG,0.02040816326530612
2020-08-31,ADBE,0.02040816326530612
2020-08-31,TGT,0.02040816326530612
2020-08-31,CRM,0.02040816326530612
2020-08-31,CRWD,0.02040816326530612
2020-08-31,TSLA,0.02040816326530612
2020-08-31,XYZ,0.02040816326530612
2020-08-31,CVNA,0.02040816326530612
2020-08-31,META,0.02040816326530612
2020-08-31,VRT,0.02040816326530612
2020-08-31,TSCO,0.02040816326530612
2020-08-31,MRNA,0.02040816326530612
2020-08-31,WST,0.02040816326530612
2020-08-31,MOS,0.02040816326530612
2020-08-31,MPWR,0.02040816326530612
2020-08-31,CDNS,0.02040816326530612
2020-08-31,GLW,0.02040816326530612
2020-08-31,AAPL,0.02040816326530612
2020-08-31,DELL,0.02040816326530612
2020-08-31,NVDA,0.02040816326530612
2020-08-31,TRMB,0.02040816326530612
2020-08-31,PWR,0.02040816326530612
2020-08-31,CMG,0.02040816326530612
2020-09-30,RCL,0.02040816326530612
2020-09-30,TSLA,0.02040816326530612
2020-09-30,CRM,0.02040816326530612
2020-09-30,PSKY,0.02040816326530612
2020-09-30,TGT,0.02040816326530612
2020-09-30,MRNA,0.02040816326530612
2020-09-30,CRL,0.02040816326530612
2020-09-30,XYZ,0.02040816326530612
2020-09-30,RVTY,0.02040816326530612
2020-09-30,VRT,0.02040816326530612
2020-09-30,MOS,0.02040816326530612
2020-09-30,CMG,0.02040816326530612
2020-09-30,FSLR,0.02040816326530612
2020-09-30,MGM,0.02040816326530612
2020-09-30,GNRC,0.02040816326530612
2020-09-30,UPS,0.02040816326530612
2020-09-30,AAPL,0.02040816326530612
2020-09-30,DELL,0.02040816326530612
2020-09-30,PWR,0.02040816326530612
2020-09-30,DDOG,0.02040816326530612
2020-09-30,LOW,0.02040816326530612
2020-09-30,SYF,0.02040816326530612
2020-09-30,DE,0.02040816326530612
2020-09-30,VTR,0.02040816326530612
2020-09-30,WSM,0.02040816326530612
2020-09-30,LEN,0.02040816326530612
2020-09-30,BBY,0.02040816326530612
2020-09-30,PYPL,0.02040816326530612
2020-09-30,WST,0.02040816326530612
2020-09-30,ALGN,0.02040816326530612
2020-09-30,NVDA,0.02040816326530612
2020-09-30,DOW,0.02040816326530612
2020-09-30,DHI,0.02040816326530612
2020-09-30,DRI,0.02040816326530612
2020-09-30,QCOM,0.02040816326530612
2020-09-30,CTAS,0.02040816326530612
2020-09-30,EPAM,0.02040816326530612
2020-09-30,CRWD,0.02040816326530612
2020-09-30,TTD,0.02040816326530612
2020-09-30,NKE,0.02040816326530612
2020-09-30,CARR,0.02040816326530612
2020-09-30,AMD,0.02040816326530612
2020-09-30,CVNA,0.02040816326530612
2020-09-30,ON,0.02040816326530612
2020-09-30,FDX,0.02040816326530612
2020-09-30,BLDR,0.02040816326530612
2020-09-30,PHM,0.02040816326530612
2020-09-30,FCX,0.02040816326530612
2020-09-30,APTV,0.02040816326530612
2020-10-30,GE,0.02040816326530612
2020-10-30,NVDA,0.02040816326530612
2020-10-30,ALGN,0.02040816326530612
2020-10-30,ALB,0.02040816326530612
2020-10-30,FDX,0.02040816326530612
2020-10-30,PPG,0.02040816326530612
2020-10-30,DDOG,0.02040816326530612
2020-10-30,DE,0.02040816326530612
2020-10-30,DECK,0.02040816326530612
2020-10-30,AES,0.02040816326530612
2020-10-30,LUV,0.02040816326530612
2020-10-30,TTD,0.02040816326530612
2020-10-30,F,0.02040816326530612
2020-10-30,UPS,0.02040816326530612
2020-10-30,PWR,0.02040816326530612
2020-10-30,SWK,0.02040816326530612
2020-10-30,IVZ,0.02040816326530612
2020-10-30,AVY,0.02040816326530612
2020-10-30,IP,0.02040816326530612
2020-10-30,FSLR,0.02040816326530612
2020-10-30,CAT,0.02040816326530612
2020-10-30,URI,0.02040816326530612
2020-10-30,POOL,0.02040816326530612
2020-10-30,FCX,0.02040816326530612
2020-10-30,ON,0.02040816326530612
2020-10-30,QCOM,0.02040816326530612
2020-10-30,APTV,0.02040816326530612
2020-10-30,CARR,0.02040816326530612
2020-10-30,MOS,0.02040816326530612
2020-10-30,CRL,0.02040816326530612
2020-10-30,TPR,0.02040816326530612
2020-10-30,GM,0.02040816326530612
2020-10-30,MLM,0.02040816326530612
2020-10-30,XYZ,0.02040816326530612
2020-10-30,TSLA,0.02040816326530612
2020-10-30,TMO,0.02040816326530612
2020-10-30,FITB,0.02040816326530612
2020-10-30,BG,0.02040816326530612
2020-10-30,RF,0.02040816326530612
2020-10-30,TT,0.02040816326530612
2020-10-30,BLDR,0.02040816326530612
2020-10-30,IDXX,0.02040816326530612
2020-10-30,PSKY,0.02040816326530612
2020-10-30,PNR,0.02040816326530612
2020-10-30,GNRC,0.02040816326530612
2020-10-30,MPWR,0.02040816326530612
2020-10-30,CVNA,0.02040816326530612
2020-10-30,VRT,0.02040816326530612
2020-10-30,CTVA,0.02040816326530612
2020-11-30,GNRC,0.02040816326530612
2020-11-30,CARR,0.02040816326530612
2020-11-30,ON,0.02040816326530612
2020-11-30,APTV,0.02040816326530612
2020-11-30,FCX,0.02040816326530612
2020-11-30,QCOM,0.02040816326530612
2020-11-30,BA,0.02040816326530612
2020-11-30,IR,0.02040816326530612
2020-11-30,RCL,0.02040816326530612
2020-11-30,TPR,0.02040816326530612
2020-11-30,PSKY,0.02040816326530612
2020-11-30,FSLR,0.02040816326530612
2020-11-30,MRNA,0.02040816326530612
2020-11-30,TRGP,0.02040816326530612
2020-11-30,GM,0.02040816326530612
2020-11-30,ZBRA,0.02040816326530612
2020-11-30,PH,0.02040816326530612
2020-11-30,OXY,0.02040816326530612
2020-11-30,COHR,0.02040816326530612
2020-11-30,MOS,0.02040816326530612
2020-11-30,IVZ,0.02040816326530612
2020-11-30,PWR,0.02040816326530612
2020-11-30,LRCX,0.02040816326530612
2020-11-30,TTD,0.02040816326530612
2020-11-30,DAL,0.02040816326530612
2020-11-30,CVNA,0.02040816326530612
2020-11-30,DE,0.02040816326530612
2020-11-30,GE,0.02040816326530612
2020-11-30,MU,0.02040816326530612
2020-11-30,UBER,0.02040816326530612
2020-11-30,NWSA,0.02040816326530612
2020-11-30,MGM,0.02040816326530612
2020-11-30,AMAT,0.02040816326530612
2020-11-30,DVN,0.02040816326530612
2020-11-30,NCLH,0.02040816326530612
2020-11-30,CRWD,0.02040816326530612
2020-11-30,TER,0.02040816326530612
2020-11-30,TSLA,0.02040816326530612
2020-11-30,ALB,0.02040816326530612
2020-11-30,CCL,0.02040816326530612
2020-11-30,UAL,0.02040816326530612
2020-11-30,FDX,0.02040816326530612
2020-11-30,NWS,0.02040816326530612
2020-11-30,XYZ,0.02040816326530612
2020-11-30,ALGN,0.02040816326530612
2020-11-30,HWM,0.02040816326530612
2020-11-30,EXPE,0.02040816326530612
2020-11-30,BLDR,0.02040816326530612
2020-11-30,URI,0.02040816326530612
2020-12-31,TTD,0.02040816326530612
2020-12-31,IVZ,0.02040816326530612
2020-12-31,PANW,0.02040816326530612
2020-12-31,RL,0.02040816326530612
2020-12-31,HWM,0.02040816326530612
2020-12-31,FCX,0.02040816326530612
2020-12-31,NCLH,0.02040816326530612
2020-12-31,MS,0.02040816326530612
2020-12-31,TRGP,0.02040816326530612
2020-12-31,SCHW,0.02040816326530612
2020-12-31,PWR,0.02040816326530612
2020-12-31,TPR,0.02040816326530612
2020-12-31,MGM,0.02040816326530612
2020-12-31,BKR,0.02040816326530612
2020-12-31,TPL,0.02040816326530612
2020-12-31,TRMB,0.02040816326530612
2020-12-31,ON,0.02040816326530612
2020-12-31,MPWR,0.02040816326530612
2020-12-31,ALGN,0.02040816326530612
2020-12-31,AES,0.02040816326530612
2020-12-31,TSLA,0.02040816326530612
2020-12-31,COF,0.02040816326530612
2020-12-31,DVN,0.02040816326530612
2020-12-31,GNRC,0.02040816326530612
2020-12-31,PTC,0.02040816326530612
2020-12-31,SYF,0.02040816326530612
2020-12-31,ALB,0.02040816326530612
2020-12-31,MOS,0.02040816326530612
2020-12-31,WDC,0.02040816326530612
2020-12-31,FSLR,0.02040816326530612
2020-12-31,LYV,0.02040816326530612
2020-12-31,CFG,0.02040816326530612
2020-12-31,ZBRA,0.02040816326530612
2020-12-31,DIS,0.02040816326530612
2020-12-31,EXPE,0.02040816326530612
2020-12-31,HCA,0.02040816326530612
2020-12-31,NTAP,0.02040816326530612
2020-12-31,APTV,0.02040816326530612
2020-12-31,UBER,0.02040816326530612
2020-12-31,XYZ,0.02040816326530612
2020-12-31,CRWD,0.02040816326530612
2020-12-31,COHR,0.02040816326530612
2020-12-31,WYNN,0.02040816326530612
2020-12-31,BLDR,0.02040816326530612
2020-12-31,GE,0.02040816326530612
2020-12-31,HAL,0.02040816326530612
2020-12-31,MU,0.02040816326530612
2020-12-31,BG,0.02040816326530612
2020-12-31,FANG,0.02040816326530612
2021-01-29,ON,0.02040816326530612
2021-01-29,TPR,0.02040816326530612
2021-01-29,COHR,0.02040816326530612
2021-01-29,ALGN,0.02040816326530612
2021-01-29,UBER,0.02040816326530612
2021-01-29,CF,0.02040816326530612
2021-01-29,AXON,0.02040816326530612
2021-01-29,CRWD,0.02040816326530612
2021-01-29,URI,0.02040816326530612
2021-01-29,IVZ,0.02040816326530612
2021-01-29,NWS,0.02040816326530612
2021-01-29,KIM,0.02040816326530612
2021-01-29,FFIV,0.02040816326530612
2021-01-29,PTC,0.02040816326530612
2021-01-29,KLAC,0.02040816326530612
2021-01-29,NWSA,0.02040816326530612
2021-01-29,WSM,0.02040816326530612
2021-01-29,CVNA,0.02040816326530612
2021-01-29,TPL,0.02040816326530612
2021-01-29,GM,0.02040816326530612
2021-01-29,MOS,0.02040816326530612
2021-01-29,COF,0.02040816326530612
2021-01-29,DE,0.02040816326530612
2021-01-29,DVN,0.02040816326530612
2021-01-29,RF,0.02040816326530612
2021-01-29,WDC,0.02040816326530612
2021-01-29,SPG,0.02040816326530612
2021-01-29,TRGP,0.02040816326530612
2021-01-29,MGM,0.02040816326530612
2021-01-29,F,0.02040816326530612
2021-01-29,WBD,0.02040816326530612
2021-01-29,FANG,0.02040816326530612
2021-01-29,GE,0.02040816326530612
2021-01-29,MU,0.02040816326530612
2021-01-29,MRNA,0.02040816326530612
2021-01-29,APTV,0.02040816326530612
2021-01-29,AMAT,0.02040816326530612
2021-01-29,ALB,0.02040816326530612
2021-01-29,TKO,0.02040816326530612
2021-01-29,TSLA,0.02040816326530612
2021-01-29,NTAP,0.02040816326530612
2021-01-29,OXY,0.02040816326530612
2021-01-29,LLY,0.02040816326530612
2021-01-29,STX,0.02040816326530612
2021-01-29,PSKY,0.02040816326530612
2021-01-29,TAP,0.02040816326530612
2021-01-29,OKE,0.02040816326530612
2021-01-29,DD,0.02040816326530612
2021-01-29,FCX,0.02040816326530612
2021-02-26,LUV,0.02040816326530612
2021-02-26,APTV,0.02040816326530612
2021-02-26,GS,0.02040816326530612
2021-02-26,FITB,0.02040816326530612
2021-02-26,ZBRA,0.02040816326530612
2021-02-26,DVN,0.02040816326530612
2021-02-26,FCX,0.02040816326530612
2021-02-26,NCLH,0.02040816326530612
2021-02-26,CFG,0.02040816326530612
2021-02-26,AMAT,0.02040816326530612
2021-02-26,ON,0.02040816326530612
2021-02-26,KEY,0.02040816326530612
2021-02-26,WYNN,0.02040816326530612
2021-02-26,RL,0.02040816326530612
2021-02-26,SPG,0.02040816326530612
2021-02-26,TPL,0.02040816326530612
2021-02-26,HPQ,0.02040816326530612
2021-02-26,PSKY,0.02040816326530612
2021-02-26,ALGN,0.02040816326530612
2021-02-26,BG,0.02040816326530612
2021-02-26,OXY,0.02040816326530612
2021-02-26,CCL,0.02040816326530612
2021-02-26,RCL,0.02040816326530612
2021-02-26,WBD,0.02040816326530612
2021-02-26,MGM,0.02040816326530612
2021-02-26,SCHW,0.02040816326530612
2021-02-26,RF,0.02040816326530612
2021-02-26,TRGP,0.02040816326530612
2021-02-26,MU,0.02040816326530612
2021-02-26,GE,0.02040816326530612
2021-02-26,FANG,0.02040816326530612
2021-02-26,MRNA,0.02040816326530612
2021-02-26,GNRC,0.02040816326530612
2021-02-26,APA,0.02040816326530612
2021-02-26,LYV,0.02040816326530612
2021-02-26,TPR,0.02040816326530612
2021-02-26,SLB,0.02040816326530612
2021-02-26,AXON,0.02040816326530612
2021-02-26,EXPE,0.02040816326530612
2021-02-26,DE,0.02040816326530612
2021-02-26,URI,0.02040816326530612
2021-02-26,MPC,0.02040816326530612
2021-02-26,COF,0.02040816326530612
2021-02-26,WDC,0.02040816326530612
2021-02-26,BKR,0.02040816326530612
2021-02-26,IVZ,0.02040816326530612
2021-02-26,DRI,0.02040816326530612
2021-02-26,VLO,0.02040816326530612
2021-02-26,CRWD,0.02040816326530612
2021-03-31,NUE,0.02040816326530612
2021-03-31,ZBRA,0.02040816326530612
2021-03-31,GE,0.02040816326530612
2021-03-31,CFG,0.02040816326530612
2021-03-31,STLD,0.02040816326530612
2021-03-31,WSM,0.02040816326530612
2021-03-31,DVN,0.02040816326530612
2021-03-31,KLAC,0.02040816326530612
2021-03-31,DE,0.02040816326530612
2021-03-31,UAL,0.02040816326530612
2021-03-31,NXPI,0.02040816326530612
2021-03-31,NWSA,0.02040816326530612
2021-03-31,URI,0.02040816326530612
2021-03-31,MET,0.02040816326530612
2021-03-31,GNRC,0.02040816326530612
2021-03-31,SPG,0.02040816326530612
2021-03-31,HBAN,0.02040816326530612
2021-03-31,HPQ,0.02040816326530612
2021-03-31,LRCX,0.02040816326530612
2021-03-31,HWM,0.02040816326530612
2021-03-31,F,0.02040816326530612
2021-03-31,AMAT,0.02040816326530612
2021-03-31,EXPE,0.02040816326530612
2021-03-31,XOM,0.02040816326530612
2021-03-31,WFC,0.02040816326530612
2021-03-31,OXY,0.02040816326530612
2021-03-31,EOG,0.02040816326530612
2021-03-31,FANG,0.02040816326530612
2021-03-31,FITB,0.02040816326530612
2021-03-31,RF,0.02040816326530612
2021-03-31,SCHW,0.02040816326530612
2021-03-31,FCX,0.02040816326530612
2021-03-31,MPC,0.02040816326530612
2021-03-31,TPL,0.02040816326530612
2021-03-31,GM,0.02040816326530612
2021-03-31,JBL,0.02040816326530612
2021-03-31,RJF,0.02040816326530612
2021-03-31,SNA,0.02040816326530612
2021-03-31,COF,0.02040816326530612
2021-03-31,IVZ,0.02040816326530612
2021-03-31,MOS,0.02040816326530612
2021-03-31,BAC,0.02040816326530612
2021-03-31,TPR,0.02040816326530612
2021-03-31,ON,0.02040816326530612
2021-03-31,WBD,0.02040816326530612
2021-03-31,OKE,0.02040816326530612
2021-03-31,TRGP,0.02040816326530612
2021-03-31,HPE,0.02040816326530612
2021-03-31,HIG,0.02040816326530612
2021-04-30,TPR,0.02040816326530612
2021-04-30,MGM,0.02040816326530612
2021-04-30,AVY,0.02040816326530612
2021-04-30,FIX,0.02040816326530612
2021-04-30,NWS,0.02040816326530612
2021-04-30,COF,0.02040816326530612
2021-04-30,STLD,0.02040816326530612
2021-04-30,FTNT,0.02040816326530612
2021-04-30,IVZ,0.02040816326530612
2021-04-30,KKR,0.02040816326530612
2021-04-30,EME,0.02040816326530612
2021-04-30,VLO,0.02040816326530612
2021-04-30,MPC,0.02040816326530612
2021-04-30,NWSA,0.02040816326530612
2021-04-30,MRNA,0.02040816326530612
2021-04-30,APA,0.02040816326530612
2021-04-30,STX,0.02040816326530612
2021-04-30,FANG,0.02040816326530612
2021-04-30,TRGP,0.02040816326530612
2021-04-30,SCHW,0.02040816326530612
2021-04-30,NUE,0.02040816326530612
2021-04-30,BX,0.02040816326530612
2021-04-30,CCL,0.02040816326530612
2021-04-30,WFC,0.02040816326530612
2021-04-30,CBRE,0.02040816326530612
2021-04-30,OXY,0.02040816326530612
2021-04-30,HWM,0.02040816326530612
2021-04-30,TXT,0.02040816326530612
2021-04-30,HPQ,0.02040816326530612
2021-04-30,EOG,0.02040816326530612
2021-04-30,XOM,0.02040816326530612
2021-04-30,NCLH,0.02040816326530612
2021-04-30,TPL,0.02040816326530612
2021-04-30,KIM,0.02040816326530612
2021-04-30,MOS,0.02040816326530612
2021-04-30,HPE,0.02040816326530612
2021-04-30,DVN,0.02040816326530612
2021-04-30,OMC,0.02040816326530612
2021-04-30,FITB,0.02040816326530612
2021-04-30,REG,0.02040816326530612
2021-04-30,EFX,0.02040816326530612
2021-04-30,FCX,0.02040816326530612
2021-04-30,RL,0.02040816326530612
2021-04-30,SPG,0.02040816326530612
2021-04-30,KEY,0.02040816326530612
2021-04-30,AMAT,0.02040816326530612
2021-04-30,EXPE,0.02040816326530612
2021-04-30,OKE,0.02040816326530612
2021-04-30,GS,0.02040816326530612
2021-05-28,IT,0.02040816326530612
2021-05-28,JBL,0.02040816326530612
2021-05-28,EOG,0.02040816326530612
2021-05-28,TRGP,0.02040816326530612
2021-05-28,AMAT,0.02040816326530612
2021-05-28,NUE,0.02040816326530612
2021-05-28,EXPD,0.02040816326530612
2021-05-28,FIX,0.02040816326530612
2021-05-28,WDC,0.02040816326530612
2021-05-28,WSM,0.02040816326530612
2021-05-28,CINF,0.02040816326530612
2021-05-28,CVS,0.02040816326530612
2021-05-28,MRNA,0.02040816326530612
2021-05-28,WFC,0.02040816326530612
2021-05-28,EFX,0.02040816326530612
2021-05-28,FCX,0.02040816326530612
2021-05-28,IRM,0.02040816326530612
2021-05-28,SPG,0.02040816326530612
2021-05-28,STX,0.02040816326530612
2021-05-28,GEN,0.02040816326530612
2021-05-28,NEM,0.02040816326530612
2021-05-28,BX,0.02040816326530612
2021-05-28,MGM,0.02040816326530612
2021-05-28,MS,0.02040816326530612
2021-05-28,EPAM,0.02040816326530612
2021-05-28,FANG,0.02040816326530612
2021-05-28,FITB,0.02040816326530612
2021-05-28,RF,0.02040816326530612
2021-05-28,AVY,0.02040816326530612
2021-05-28,BEN,0.02040816326530612
2021-05-28,IVZ,0.02040816326530612
2021-05-28,DVN,0.02040816326530612
2021-05-28,EME,0.02040816326530612
2021-05-28,MOS,0.02040816326530612
2021-05-28,HCA,0.02040816326530612
2021-05-28,HWM,0.02040816326530612
2021-05-28,BAC,0.02040816326530612
2021-05-28,CNC,0.02040816326530612
2021-05-28,SYF,0.02040816326530612
2021-05-28,MPC,0.02040816326530612
2021-05-28,STLD,0.02040816326530612
2021-05-28,TXT,0.02040816326530612
2021-05-28,COF,0.02040816326530612
2021-05-28,FTNT,0.02040816326530612
2021-05-28,TPL,0.02040816326530612
2021-05-28,SNA,0.02040816326530612
2021-05-28,SW,0.02040816326530612
2021-05-28,F,0.02040816326530612
2021-05-28,GS,0.02040816326530612
2021-06-30,WAT,0.02
2021-06-30,IDXX,0.02
2021-06-30,GNRC,0.02
2021-06-30,INTU,0.02
2021-06-30,EQT,0.02
2021-06-30,DASH,0.02
2021-06-30,COP,0.02
2021-06-30,VRT,0.02
2021-06-30,TXT,0.02
2021-06-30,IQV,0.02
2021-06-30,MRNA,0.02
2021-06-30,APA,0.02
2021-06-30,RMD,0.02
2021-06-30,EBAY,0.02
2021-06-30,TRGP,0.02
2021-06-30,NUE,0.02
2021-06-30,TECH,0.02
2021-06-30,OKE,0.02
2021-06-30,FTNT,0.02
2021-06-30,F,0.02
2021-06-30,DECK,0.02
2021-06-30,JCI,0.02
2021-06-30,GOOG,0.02
2021-06-30,APO,0.02
2021-06-30,AXON,0.02
2021-06-30,DVN,0.02
2021-06-30,COF,0.02
2021-06-30,STLD,0.02
2021-06-30,CRL,0.02
2021-06-30,KKR,0.02
2021-06-30,ARES,0.02
2021-06-30,BIIB,0.02
2021-06-30,NDAQ,0.02
2021-06-30,CRWD,0.02
2021-06-30,TPL,0.02
2021-06-30,MSCI,0.02
2021-06-30,EOG,0.02
2021-06-30,AMAT,0.02
2021-06-30,EXR,0.02
2021-06-30,IT,0.02
2021-06-30,TGT,0.02
2021-06-30,EPAM,0.02
2021-06-30,FANG,0.02
2021-06-30,POOL,0.02
2021-06-30,NVDA,0.02
2021-06-30,XOM,0.02
2021-06-30,SPG,0.02
2021-06-30,LLY,0.02
2021-06-30,BX,0.02
2021-06-30,OXY,0.02
2021-07-30,IDXX,0.02
2021-07-30,ARES,0.02
2021-07-30,TT,0.02
2021-07-30,CRL,0.02
2021-07-30,MAA,0.02
2021-07-30,GOOG,0.02
2021-07-30,AZO,0.02
2021-07-30,DECK,0.02
2021-07-30,TECH,0.02
2021-07-30,TGT,0.02
2021-07-30,CPT,0.02
2021-07-30,GOOGL,0.02
2021-07-30,ALB,0.02
2021-07-30,DOV,0.02
2021-07-30,ORCL,0.02
2021-07-30,WST,0.02
2021-07-30,GNRC,0.02
2021-07-30,NUE,0.02
2021-07-30,TPL,0.02
2021-07-30,NVDA,0.02
2021-07-30,DXCM,0.02
2021-07-30,RVTY,0.02
2021-07-30,WELL,0.02
2021-07-30,INTU,0.02
2021-07-30,BX,0.02
2021-07-30,MPWR,0.02
2021-07-30,COF,0.02
2021-07-30,HCA,0.02
2021-07-30,FTNT,0.02
2021-07-30,AMD,0.02
2021-07-30,ALGN,0.02
2021-07-30,MS,0.02
2021-07-30,EPAM,0.02
2021-07-30,CBRE,0.02
2021-07-30,IT,0.02
2021-07-30,MSCI,0.02
2021-07-30,STLD,0.02
2021-07-30,DPZ,0.02
2021-07-30,AVB,0.02
2021-07-30,KKR,0.02
2021-07-30,CMG,0.02
2021-07-30,EXR,0.02
2021-07-30,UDR,0.02
2021-07-30,RMD,0.02
2021-07-30,EFX,0.02
2021-07-30,WAT,0.02
2021-07-30,MRNA,0.02
2021-07-30,INVH,0.02
2021-07-30,CARR,0.02
2021-07-30,TRGP,0.02
2021-08-31,CMG,0.02
2021-08-31,MSCI,0.02
2021-08-31,CARR,0.02
2021-08-31,ARES,0.02
2021-08-31,FTNT,0.02
2021-08-31,CRL,0.02
2021-08-31,EXR,0.02
2021-08-31,SNPS,0.02
2021-08-31,GOOGL,0.02
2021-08-31,NOW,0.02
2021-08-31,EFX,0.02
2021-08-31,DXCM,0.02
2021-08-31,WAT,0.02
2021-08-31,ADBE,0.02
2021-08-31,DDOG,0.02
2021-08-31,CRWD,0.02
2021-08-31,EBAY,0.02
2021-08-31,COST,0.02
2021-08-31,NVDA,0.02
2021-08-31,GNRC,0.02
2021-08-31,WST,0.02
2021-08-31,A,0.02
2021-08-31,MTD,0.02
2021-08-31,NUE,0.02
2021-08-31,INTU,0.02
2021-08-31,REGN,0.02
2021-08-31,KR,0.02
2021-08-31,RVTY,0.02
2021-08-31,GRMN,0.02
2021-08-31,ALB,0.02
2021-08-31,PANW,0.02
2021-08-31,BLDR,0.02
2021-08-31,NTAP,0.02
2021-08-31,DHR,0.02
2021-08-31,META,0.02
2021-08-31,ISRG,0.02
2021-08-31,MRNA,0.02
2021-08-31,RMD,0.02
2021-08-31,AMD,0.02
2021-08-31,WSM,0.02
2021-08-31,SBAC,0.02
2021-08-31,EW,0.02
2021-08-31,MPWR,0.02
2021-08-31,DPZ,0.02
2021-08-31,GOOG,0.02
2021-08-31,IT,0.02
2021-08-31,STLD,0.02
2021-08-31,NRG,0.02
2021-08-31,BX,0.02
2021-08-31,EPAM,0.02
2021-09-30,EFX,0.02
2021-09-30,AZO,0.02
2021-09-30,FANG,0.02
2021-09-30,FITB,0.02
2021-09-30,MPWR,0.02
2021-09-30,AON,0.02
2021-09-30,BKR,0.02
2021-09-30,HCA,0.02
2021-09-30,CMG,0.02
2021-09-30,PANW,0.02
2021-09-30,EXE,0.02
2021-09-30,MSCI,0.02
2021-09-30,EPAM,0.02
2021-09-30,TSLA,0.02
2021-09-30,APO,0.02
2021-09-30,BX,0.02
2021-09-30,NDAQ,0.02
2021-09-30,TRGP,0.02
2021-09-30,MRNA,0.02
2021-09-30,FTNT,0.02
2021-09-30,NFLX,0.02
2021-09-30,CRM,0.02
2021-09-30,IT,0.02
2021-09-30,MAA,0.02
2021-09-30,MOS,0.02
2021-09-30,INTU,0.02
2021-09-30,AIG,0.02
2021-09-30,DVN,0.02
2021-09-30,DDOG,0.02
2021-09-30,DXCM,0.02
2021-09-30,NVDA,0.02
2021-09-30,ALB,0.02
2021-09-30,RVTY,0.02
2021-09-30,DHR,0.02
2021-09-30,CRL,0.02
2021-09-30,COST,0.02
2021-09-30,EW,0.02
2021-09-30,CF,0.02
2021-09-30,CBRE,0.02
2021-09-30,FDS,0.02
2021-09-30,ARES,0.02
2021-09-30,CPT,0.02
2021-09-30,TMO,0.02
2021-09-30,NTAP,0.02
2021-09-30,DASH,0.02
2021-09-30,PWR,0.02
2021-09-30,OKE,0.02
2021-09-30,COP,0.02
2021-09-30,LULU,0.02
2021-09-30,WST,0.02
2021-10-29,PWR,0.02
2021-10-29,NVDA,0.02
2021-10-29,OXY,0.02
2021-10-29,IT,0.02
2021-10-29,EOG,0.02
2021-10-29,TSLA,0.02
2021-10-29,GNRC,0.02
2021-10-29,APA,0.02
2021-10-29,MPWR,0.02
2021-10-29,WDAY,0.02
2021-10-29,APO,0.02
2021-10-29,FANG,0.02
2021-10-29,MRNA,0.02
2021-10-29,ALB,0.02
2021-10-29,INTU,0.02
2021-10-29,FSLR,0.02
2021-10-29,APP,0.02
2021-10-29,EPAM,0.02
2021-10-29,BLDR,0.02
2021-10-29,TRGP,0.02
2021-10-29,PANW,0.02
2021-10-29,BX,0.02
2021-10-29,MOS,0.02
2021-10-29,COP,0.02
2021-10-29,ODFL,0.02
2021-10-29,LULU,0.02
2021-10-29,CRM,0.02
2021-10-29,FIX,0.02
2021-10-29,COIN,0.02
2021-10-29,DXCM,0.02
2021-10-29,OKE,0.02
2021-10-29,SNPS,0.02
2021-10-29,AMD,0.02
2021-10-29,MSFT,0.02
2021-10-29,AON,0.02
2021-10-29,CDNS,0.02
2021-10-29,NOW,0.02
2021-10-29,HAL,0.02
2021-10-29,TMO,0.02
2021-10-29,F,0.02
2021-10-29,LYV,0.02
2021-10-29,DVN,0.02
2021-10-29,DDOG,0.02
2021-10-29,EXR,0.02
2021-10-29,KKR,0.02
2021-10-29,NFLX,0.02
2021-10-29,CRWD,0.02
2021-10-29,FTNT,0.02
2021-10-29,ARES,0.02
2021-10-29,FDS,0.02
2021-11-30,COIN,0.02
2021-11-30,AAPL,0.02
2021-11-30,TER,0.02
2021-11-30,TMO,0.02
2021-11-30,TSLA,0.02
2021-11-30,FIX,0.02
2021-11-30,AZO,0.02
2021-11-30,MRNA,0.02
2021-11-30,BLDR,0.02
2021-11-30,COST,0.02
2021-11-30,MPWR,0.02
2021-11-30,TSCO,0.02
2021-11-30,DXCM,0.02
2021-11-30,LULU,0.02
2021-11-30,POOL,0.02
2021-11-30,KEYS,0.02
2021-11-30,ODFL,0.02
2021-11-30,TTD,0.02
2021-11-30,FDS,0.02
2021-11-30,LRCX,0.02
2021-11-30,DVN,0.02
2021-11-30,QCOM,0.02
2021-11-30,LYV,0.02
2021-11-30,AMD,0.02
2021-11-30,DDOG,0.02
2021-11-30,KLAC,0.02
2021-11-30,HPQ,0.02
2021-11-30,DLTR,0.02
2021-11-30,STX,0.02
2021-11-30,CDNS,0.02
2021-11-30,F,0.02
2021-11-30,FFIV,0.02
2021-11-30,LOW,0.02
2021-11-30,ARES,0.02
2021-11-30,VRSK,0.02
2021-11-30,NVDA,0.02
2021-11-30,ALB,0.02
2021-11-30,HD,0.02
2021-11-30,CF,0.02
2021-11-30,ON,0.02
2021-11-30,FTNT,0.02
2021-11-30,PCG,0.02
2021-11-30,FANG,0.02
2021-11-30,INTU,0.02
2021-11-30,PFE,0.02
2021-11-30,ANET,0.02
2021-11-30,BX,0.02
2021-11-30,SMCI,0.02
2021-11-30,PANW,0.02
2021-11-30,APP,0.02
2021-12-31,IRM,0.02
2021-12-31,PANW,0.02
2021-12-31,ON,0.02
2021-12-31,BRO,0.02
2021-12-31,ANET,0.02
2021-12-31,DLTR,0.02
2021-12-31,PAYX,0.02
2021-12-31,STX,0.02
2021-12-31,NVDA,0.02
2021-12-31,BLDR,0.02
2021-12-31,KLAC,0.02
2021-12-31,AOS,0.02
2021-12-31,FTNT,0.02
2021-12-31,AMD,0.02
2021-12-31,SNPS,0.02
2021-12-31,PSA,0.02
2021-12-31,ABBV,0.02
2021-12-31,AVGO,0.02
2021-12-31,JBL,0.02
2021-12-31,QCOM,0.02
2021-12-31,ODFL,0.02
2021-12-31,EXR,0.02
2021-12-31,FDS,0.02
2021-12-31,F,0.02
2021-12-31,APP,0.02
2021-12-31,ZTS,0.02
2021-12-31,COST,0.02
2021-12-31,UNH,0.02
2021-12-31,KEYS,0.02
2021-12-31,DVN,0.02
2021-12-31,CIEN,0.02
2021-12-31,CF,0.02
2021-12-31,AZO,0.02
2021-12-31,FIX,0.02
2021-12-31,MAA,0.02
2021-12-31,TSLA,0.02
2021-12-31,VST,0.02
2021-12-31,MCK,0.02
2021-12-31,PLD,0.02
2021-12-31,PFE,0.02
2021-12-31,LOW,0.02
2021-12-31,ACN,0.02
2021-12-31,TER,0.02
2021-12-31,CTSH,0.02
2021-12-31,CPT,0.02
2021-12-31,DGX,0.02
2021-12-31,LITE,0.02
2021-12-31,DDOG,0.02
2021-12-31,CVS,0.02
2021-12-31,LYV,0.02
2022-01-31,OXY,0.02
2022-01-31,WFC,0.02
2022-01-31,EOG,0.02
2022-01-31,HAL,0.02
2022-01-31,CVS,0.02
2022-01-31,XOM,0.02
2022-01-31,PSX,0.02
2022-01-31,FANG,0.02
2022-01-31,CFG,0.02
2022-01-31,VLO,0.02
2022-01-31,RJF,0.02
2022-01-31,DVN,0.02
2022-01-31,BKR,0.02
2022-01-31,NI,0.02
2022-01-31,CVX,0.02
2022-01-31,MO,0.02
2022-01-31,QCOM,0.02
2022-01-31,WMB,0.02
2022-01-31,LVS,0.02
2022-01-31,ON,0.02
2022-01-31,MCK,0.02
2022-01-31,COP,0.02
2022-01-31,KEY,0.02
2022-01-31,SLB,0.02
2022-01-31,CHD,0.02
2022-01-31,ABBV,0.02
2022-01-31,MPC,0.02
2022-01-31,BLDR,0.02
2022-01-31,GLW,0.02
2022-01-31,TRGP,0.02
2022-01-31,DLTR,0.02
2022-01-31,PCG,0.02
2022-01-31,SCHW,0.02
2022-01-31,LMT,0.02
2022-01-31,STX,0.02
2022-01-31,BG,0.02
2022-01-31,ADM,0.02
2022-01-31,APA,0.02
2022-01-31,HPQ,0.02
2022-01-31,LITE,0.02
2022-01-31,TSN,0.02
2022-01-31,CF,0.02
2022-01-31,PGR,0.02
2022-01-31,MTB,0.02
2022-01-31,GL,0.02
2022-01-31,VRTX,0.02
2022-01-31,F,0.02
2022-01-31,EXE,0.02
2022-01-31,MKC,0.02
2022-01-31,AFL,0.02
2022-02-28,CNC,0.02
2022-02-28,LYV,0.02
2022-02-28,EXPE,0.02
2022-02-28,EOG,0.02
2022-02-28,ADM,0.02
2022-02-28,OXY,0.02
2022-02-28,HAL,0.02
2022-02-28,ON,0.02
2022-02-28,MCK,0.02
2022-02-28,FTNT,0.02
2022-02-28,BLDR,0.02
2022-02-28,PANW,0.02
2022-02-28,MPC,0.02
2022-02-28,TRGP,0.02
2022-02-28,FICO,0.02
2022-02-28,BKR,0.02
2022-02-28,SLB,0.02
2022-02-28,XOM,0.02
2022-02-28,EXE,0.02
2022-02-28,EQT,0.02
2022-02-28,FANG,0.02
2022-02-28,VLO,0.02
2022-02-28,MAR,0.02
2022-02-28,MOS,0.02
2022-02-28,STLD,0.02
2022-02-28,CF,0.02
2022-02-28,HSIC,0.02
2022-02-28,MTB,0.02
2022-02-28,LMT,0.02
2022-02-28,GD,0.02
2022-02-28,COR,0.02
2022-02-28,BG,0.02
2022-02-28,APA,0.02
2022-02-28,LHX,0.02
2022-02-28,AXP,0.02
2022-02-28,DLTR,0.02
2022-02-28,TKO,0.02
2022-02-28,GDDY,0.02
2022-02-28,NUE,0.02
2022-02-28,ABBV,0.02
2022-02-28,COP,0.02
2022-02-28,WMB,0.02
2022-02-28,RL,0.02
2022-02-28,RTX,0.02
2022-02-28,HWM,0.02
2022-02-28,FCX,0.02
2022-02-28,CVX,0.02
2022-02-28,OMC,0.02
2022-02-28,NOC,0.02
2022-02-28,DVN,0.02
2022-03-31,SRE,0.02
2022-03-31,NI,0.02
2022-03-31,NEM,0.02
2022-03-31,PWR,0.02
2022-03-31,XOM,0.02
2022-03-31,NUE,0.02
2022-03-31,VLO,0.02
2022-03-31,VRTX,0.02
2022-03-31,SLB,0.02
2022-03-31,STLD,0.02
2022-03-31,TSLA,0.02
2022-03-31,TRGP,0.02
2022-03-31,OXY,0.02
2022-03-31,WMB,0.02
2022-03-31,OKE,0.02
2022-03-31,UNP,0.02
2022-03-31,WRB,0.02
2022-03-31,ANET,0.02
2022-03-31,FE,0.02
2022-03-31,LMT,0.02
2022-03-31,MOS,0.02
2022-03-31,FCX,0.02
2022-03-31,BG,0.02
2022-03-31,IRM,0.02
2022-03-31,MPC,0.02
2022-03-31,COP,0.02
2022-03-31,COR,0.02
2022-03-31,EXC,0.02
2022-03-31,ADM,0.02
2022-03-31,EXE,0.02
2022-03-31,ATO,0.02
2022-03-31,KR,0.02
2022-03-31,BKR,0.02
2022-03-31,MCK,0.02
2022-03-31,ED,0.02
2022-03-31,CVX,0.02
2022-03-31,FANG,0.02
2022-03-31,APA,0.02
2022-03-31,CINF,0.02
2022-03-31,DLTR,0.02
2022-03-31,HAL,0.02
2022-03-31,DE,0.02
2022-03-31,DVN,0.02
2022-03-31,EOG,0.02
2022-03-31,CF,0.02
2022-03-31,CTVA,0.02
2022-03-31,EQT,0.02
2022-03-31,BRK-B,0.02
2022-03-31,BMY,0.02
2022-03-31,ABBV,0.02
2022-04-29,TAP,0.02
2022-04-29,PKG,0.02
2022-04-29,MCK,0.02
2022-04-29,EOG,0.02
2022-04-29,EXE,0.02
2022-04-29,BMY,0.02
2022-04-29,NEM,0.02
2022-04-29,CVX,0.02
2022-04-29,HAL,0.02
2022-04-29,EXC,0.02
2022-04-29,CAH,0.02
2022-04-29,COR,0.02
2022-04-29,NUE,0.02
2022-04-29,IRM,0.02
2022-04-29,STLD,0.02
2022-04-29,APA,0.02
2022-04-29,CTVA,0.02
2022-04-29,EQT,0.02
2022-04-29,VST,0.02
2022-04-29,CPB,0.02
2022-04-29,LLY,0.02
2022-04-29,OXY,0.02
2022-04-29,LMT,0.02
2022-04-29,BG,0.02
2022-04-29,VLO,0.02
2022-04-29,XOM,0.02
2022-04-29,SRE,0.02
2022-04-29,WRB,0.02
2022-04-29,MPC,0.02
2022-04-29,WY,0.02
2022-04-29,DLTR,0.02
2022-04-29,KHC,0.02
2022-04-29,AIZ,0.02
2022-04-29,HST,0.02
2022-04-29,DVN,0.02
2022-04-29,NOC,0.02
2022-04-29,CF,0.02
2022-04-29,VRTX,0.02
2022-04-29,DAL,0.02
2022-04-29,KR,0.02
2022-04-29,HSY,0.02
2022-04-29,MO,0.02
2022-04-29,TRGP,0.02
2022-04-29,TPL,0.02
2022-04-29,ADM,0.02
2022-04-29,HRL,0.02
2022-04-29,DOW,0.02
2022-04-29,WMB,0.02
2022-04-29,UAL,0.02
2022-04-29,MOS,0.02
2022-05-31,NRG,0.02
2022-05-31,CVX,0.02
2022-05-31,BMY,0.02
2022-05-31,BG,0.02
2022-05-31,ADM,0.02
2022-05-31,DVN,0.02
2022-05-31,SRE,0.02
2022-05-31,BKR,0.02
2022-05-31,VLO,0.02
2022-05-31,CTVA,0.02
2022-05-31,SO,0.02
2022-05-31,LLY,0.02
2022-05-31,T,0.02
2022-05-31,MCK,0.02
2022-05-31,ED,0.02
2022-05-31,SMCI,0.02
2022-05-31,VTRS,0.02
2022-05-31,SLB,0.02
2022-05-31,VRTX,0.02
2022-05-31,MOS,0.02
2022-05-31,KMI,0.02
2022-05-31,NI,0.02
2022-05-31,WRB,0.02
2022-05-31,WMB,0.02
2022-05-31,PSX,0.02
2022-05-31,AMCR,0.02
2022-05-31,FANG,0.02
2022-05-31,CNP,0.02
2022-05-31,CF,0.02
2022-05-31,CI,0.02
2022-05-31,MRK,0.02
2022-05-31,XOM,0.02
2022-05-31,LYB,0.02
2022-05-31,MPC,0.02
2022-05-31,ALB,0.02
2022-05-31,TPL,0.02
2022-05-31,EQT,0.02
2022-05-31,STLD,0.02
2022-05-31,APA,0.02
2022-05-31,EPAM,0.02
2022-05-31,HAL,0.02
2022-05-31,PGR,0.02
2022-05-31,EOG,0.02
2022-05-31,VST,0.02
2022-05-31,COP,0.02
2022-05-31,EXE,0.02
2022-05-31,EXC,0.02
2022-05-31,AMGN,0.02
2022-05-31,OXY,0.02
2022-05-31,TKO,0.02
2022-06-30,HUM,0.02
2022-06-30,PGR,0.02
2022-06-30,DG,0.02
2022-06-30,HSY,0.02
2022-06-30,CNC,0.02
2022-06-30,TPL,0.02
2022-06-30,OXY,0.02
2022-06-30,CAG,0.02
2022-06-30,TMUS,0.02
2022-06-30,LDOS,0.02
2022-06-30,CI,0.02
2022-06-30,KHC,0.02
2022-06-30,KO,0.02
2022-06-30,XOM,0.02
2022-06-30,CL,0.02
2022-06-30,KMB,0.02
2022-06-30,ABBV,0.02
2022-06-30,TKO,0.02
2022-06-30,CPB,0.02
2022-06-30,T,0.02
2022-06-30,TAP,0.02
2022-06-30,LMT,0.02
2022-06-30,BF-B,0.02
2022-06-30,NOC,0.02
2022-06-30,IBM,0.02
2022-06-30,VLO,0.02
2022-06-30,SYY,0.02
2022-06-30,VICI,0.02
2022-06-30,LHX,0.02
2022-06-30,UNH,0.02
2022-06-30,LLY,0.02
2022-06-30,BMY,0.02
2022-06-30,DLTR,0.02
2022-06-30,GIS,0.02
2022-06-30,ERIE,0.02
2022-06-30,MCK,0.02
2022-06-30,AMCR,0.02
2022-06-30,WRB,0.02
2022-06-30,MNST,0.02
2022-06-30,RTX,0.02
2022-06-30,AMGN,0.02
2022-06-30,ED,0.02
2022-06-30,PM,0.02
2022-06-30,PWR,0.02
2022-06-30,EQT,0.02
2022-06-30,VRTX,0.02
2022-06-30,MRK,0.02
2022-06-30,AIZ,0.02
2022-06-30,HII,0.02
2022-06-30,AZO,0.02
2022-07-29,OXY,0.02
2022-07-29,PODD,0.02
2022-07-29,TKO,0.02
2022-07-29,ADP,0.02
2022-07-29,URI,0.02
2022-07-29,ERIE,0.02
2022-07-29,GWW,0.02
2022-07-29,EQT,0.02
2022-07-29,GPC,0.02
2022-07-29,CSGP,0.02
2022-07-29,FICO,0.02
2022-07-29,CDNS,0.02
2022-07-29,MPWR,0.02
2022-07-29,ALB,0.02
2022-07-29,XOM,0.02
2022-07-29,PWR,0.02
2022-07-29,MPC,0.02
2022-07-29,FSLR,0.02
2022-07-29,MRNA,0.02
2022-07-29,CF,0.02
2022-07-29,TSLA,0.02
2022-07-29,CEG,0.02
2022-07-29,KLAC,0.02
2022-07-29,FIX,0.02
2022-07-29,TMUS,0.02
2022-07-29,TPL,0.02
2022-07-29,EXE,0.02
2022-07-29,NUE,0.02
2022-07-29,GNRC,0.02
2022-07-29,ROL,0.02
2022-07-29,ON,0.02
2022-07-29,JKHY,0.02
2022-07-29,CMG,0.02
2022-07-29,CNC,0.02
2022-07-29,SNPS,0.02
2022-07-29,HWM,0.02
2022-07-29,HUBB,0.02
2022-07-29,STLD,0.02
2022-07-29,WAT,0.02
2022-07-29,VST,0.02
2022-07-29,TAP,0.02
2022-07-29,MCK,0.02
2022-07-29,ADI,0.02
2022-07-29,NEE,0.02
2022-07-29,DECK,0.02
2022-07-29,DVN,0.02
2022-07-29,VICI,0.02
2022-07-29,BLDR,0.02
2022-07-29,SMCI,0.02
2022-07-29,LLY,0.02
2022-08-31,GIS,0.02
2022-08-31,ON,0.02
2022-08-31,CHRW,0.02
2022-08-31,DVN,0.02
2022-08-31,DECK,0.02
2022-08-31,AES,0.02
2022-08-31,TPL,0.02
2022-08-31,VLO,0.02
2022-08-31,WM,0.02
2022-08-31,EXE,0.02
2022-08-31,TTD,0.02
2022-08-31,RSG,0.02
2022-08-31,CASY,0.02
2022-08-31,EXR,0.02
2022-08-31,FSLR,0.02
2022-08-31,MSI,0.02
2022-08-31,PFG,0.02
2022-08-31,CF,0.02
2022-08-31,WSM,0.02
2022-08-31,CEG,0.02
2022-08-31,PGR,0.02
2022-08-31,MPC,0.02
2022-08-31,AJG,0.02
2022-08-31,VRTX,0.02
2022-08-31,CI,0.02
2022-08-31,PWR,0.02
2022-08-31,ALB,0.02
2022-08-31,FDS,0.02
2022-08-31,CMG,0.02
2022-08-31,XOM,0.02
2022-08-31,FIX,0.02
2022-08-31,MCK,0.02
2022-08-31,ERIE,0.02
2022-08-31,EQT,0.02
2022-08-31,CPB,0.02
2022-08-31,ADP,0.02
2022-08-31,GPC,0.02
2022-08-31,CTVA,0.02
2022-08-31,CSGP,0.02
2022-08-31,PCG,0.02
2022-08-31,SJM,0.02
2022-08-31,EPAM,0.02
2022-08-31,BR,0.02
2022-08-31,SMCI,0.02
2022-08-31,GWW,0.02
2022-08-31,HII,0.02
2022-08-31,SO,0.02
2022-08-31,COP,0.02
2022-08-31,CAH,0.02
2022-08-31,OXY,0.02
2022-09-30,EPAM,0.02
2022-09-30,COP,0.02
2022-09-30,CSGP,0.02
2022-09-30,FIX,0.02
2022-09-30,KEYS,0.02
2022-09-30,SMCI,0.02
2022-09-30,ON,0.02
2022-09-30,TPL,0.02
2022-09-30,CI,0.02
2022-09-30,PCG,0.02
2022-09-30,EME,0.02
2022-09-30,EXE,0.02
2022-09-30,ORLY,0.02
2022-09-30,TJX,0.02
2022-09-30,REGN,0.02
2022-09-30,SJM,0.02
2022-09-30,GILD,0.02
2022-09-30,ROST,0.02
2022-09-30,IEX,0.02
2022-09-30,ERIE,0.02
2022-09-30,IBKR,0.02
2022-09-30,GPC,0.02
2022-09-30,GIS,0.02
2022-09-30,DG,0.02
2022-09-30,DECK,0.02
2022-09-30,HUM,0.02
2022-09-30,TKO,0.02
2022-09-30,XYL,0.02
2022-09-30,HOOD,0.02
2022-09-30,PFG,0.02
2022-09-30,HUBB,0.02
2022-09-30,EQT,0.02
2022-09-30,HII,0.02
2022-09-30,DRI,0.02
2022-09-30,FSLR,0.02
2022-09-30,CEG,0.02
2022-09-30,ALB,0.02
2022-09-30,CAH,0.02
2022-09-30,MCK,0.02
2022-09-30,LLY,0.02
2022-09-30,CASY,0.02
2022-09-30,MRK,0.02
2022-09-30,TTD,0.02
2022-09-30,AXON,0.02
2022-09-30,VRTX,0.02
2022-09-30,CBOE,0.02
2022-09-30,MTB,0.02
2022-09-30,BIIB,0.02
2022-09-30,AZO,0.02
2022-09-30,MPC,0.02
2022-10-31,CMI,0.02
2022-10-31,CAT,0.02
2022-10-31,CVX,0.02
2022-10-31,APA,0.02
2022-10-31,ROL,0.02
2022-10-31,SLB,0.02
2022-10-31,LMT,0.02
2022-10-31,GILD,0.02
2022-10-31,EME,0.02
2022-10-31,NCLH,0.02
2022-10-31,EOG,0.02
2022-10-31,NRG,0.02
2022-10-31,HAL,0.02
2022-10-31,ACGL,0.02
2022-10-31,GPC,0.02
2022-10-31,CAH,0.02
2022-10-31,AMP,0.02
2022-10-31,TPL,0.02
2022-10-31,PCG,0.02
2022-10-31,PSX,0.02
2022-10-31,FANG,0.02
2022-10-31,COP,0.02
2022-10-31,AES,0.02
2022-10-31,ORLY,0.02
2022-10-31,CSGP,0.02
2022-10-31,ERIE,0.02
2022-10-31,HUM,0.02
2022-10-31,RJF,0.02
2022-10-31,VRT,0.02
2022-10-31,CI,0.02
2022-10-31,FIX,0.02
2022-10-31,DXCM,0.02
2022-10-31,CEG,0.02
2022-10-31,DVN,0.02
2022-10-31,NOC,0.02
2022-10-31,PFG,0.02
2022-10-31,XOM,0.02
2022-10-31,MPC,0.02
2022-10-31,EG,0.02
2022-10-31,ALB,0.02
2022-10-31,FSLR,0.02
2022-10-31,BIIB,0.02
2022-10-31,SMCI,0.02
2022-10-31,AZO,0.02
2022-10-31,STLD,0.02
2022-10-31,RCL,0.02
2022-10-31,IBKR,0.02
2022-10-31,NFLX,0.02
2022-10-31,MCK,0.02
2022-10-31,AXON,0.02
2022-11-30,NFLX,0.02
2022-11-30,STLD,0.02
2022-11-30,WYNN,0.02
2022-11-30,ACGL,0.02
2022-11-30,AXON,0.02
2022-11-30,BA,0.02
2022-11-30,LULU,0.02
2022-11-30,IBKR,0.02
2022-11-30,XYL,0.02
2022-11-30,PODD,0.02
2022-11-30,APO,0.02
2022-11-30,MCHP,0.02
2022-11-30,DECK,0.02
2022-11-30,APD,0.02
2022-11-30,DE,0.02
2022-11-30,SMCI,0.02
2022-11-30,NDAQ,0.02
2022-11-30,DD,0.02
2022-11-30,BIIB,0.02
2022-11-30,EME,0.02
2022-11-30,A,0.02
2022-11-30,HUBB,0.02
2022-11-30,SBUX,0.02
2022-11-30,ANET,0.02
2022-11-30,DXCM,0.02
2022-11-30,ERIE,0.02
2022-11-30,PCG,0.02
2022-11-30,LVS,0.02
2022-11-30,BBY,0.02
2022-11-30,ISRG,0.02
2022-11-30,TPL,0.02
2022-11-30,MRK,0.02
2022-11-30,CEG,0.02
2022-11-30,JCI,0.02
2022-11-30,FIX,0.02
2022-11-30,FICO,0.02
2022-11-30,CAH,0.02
2022-11-30,RL,0.02
2022-11-30,AES,0.02
2022-11-30,ORLY,0.02
2022-11-30,ROST,0.02
2022-11-30,GILD,0.02
2022-11-30,FSLR,0.02
2022-11-30,RCL,0.02
2022-11-30,TT,0.02
2022-11-30,ON,0.02
2022-11-30,MRNA,0.02
2022-11-30,TJX,0.02
2022-11-30,FCX,0.02
2022-11-30,IT,0.02
2022-12-30,XOM,0.02
2022-12-30,HCA,0.02
2022-12-30,DE,0.02
2022-12-30,FCX,0.02
2022-12-30,OMC,0.02
2022-12-30,GILD,0.02
2022-12-30,SLB,0.02
2022-12-30,JCI,0.02
2022-12-30,APO,0.02
2022-12-30,EME,0.02
2022-12-30,PODD,0.02
2022-12-30,DD,0.02
2022-12-30,SMCI,0.02
2022-12-30,HAL,0.02
2022-12-30,ISRG,0.02
2022-12-30,MRNA,0.02
2022-12-30,AIG,0.02
2022-12-30,BA,0.02
2022-12-30,CIEN,0.02
2022-12-30,VRT,0.02
2022-12-30,DXCM,0.02
2022-12-30,FSLR,0.02
2022-12-30,STLD,0.02
2022-12-30,AFL,0.02
2022-12-30,NFLX,0.02
2022-12-30,AXON,0.02
2022-12-30,FICO,0.02
2022-12-30,APD,0.02
2022-12-30,HWM,0.02
2022-12-30,XYL,0.02
2022-12-30,GE,0.02
2022-12-30,DECK,0.02
2022-12-30,NKE,0.02
2022-12-30,LVS,0.02
2022-12-30,SPG,0.02
2022-12-30,DHI,0.02
2022-12-30,ACGL,0.02
2022-12-30,PCG,0.02
2022-12-30,TPL,0.02
2022-12-30,URI,0.02
2022-12-30,CAH,0.02
2022-12-30,UHS,0.02
2022-12-30,ROST,0.02
2022-12-30,MTD,0.02
2022-12-30,WYNN,0.02
2022-12-30,AES,0.02
2022-12-30,TPR,0.02
2022-12-30,CAT,0.02
2022-12-30,APA,0.02
2022-12-30,TJX,0.02
2023-01-31,NUE,0.02
2023-01-31,MGM,0.02
2023-01-31,DHI,0.02
2023-01-31,LVS,0.02
2023-01-31,FSLR,0.02
2023-01-31,STLD,0.02
2023-01-31,EXPE,0.02
2023-01-31,PHM,0.02
2023-01-31,RCL,0.02
2023-01-31,CCL,0.02
2023-01-31,WYNN,0.02
2023-01-31,PSKY,0.02
2023-01-31,ROST,0.02
2023-01-31,NFLX,0.02
2023-01-31,CRH,0.02
2023-01-31,ULTA,0.02
2023-01-31,STT,0.02
2023-01-31,BA,0.02
2023-01-31,DOW,0.02
2023-01-31,AXON,0.02
2023-01-31,LEN,0.02
2023-01-31,COIN,0.02
2023-01-31,ALGN,0.02
2023-01-31,WDC,0.02
2023-01-31,XYZ,0.02
2023-01-31,JBL,0.02
2023-01-31,TPR,0.02
2023-01-31,RL,0.02
2023-01-31,BKNG,0.02
2023-01-31,BLDR,0.02
2023-01-31,SLB,0.02
2023-01-31,NVDA,0.02
2023-01-31,IDXX,0.02
2023-01-31,WBD,0.02
2023-01-31,APO,0.02
2023-01-31,UAL,0.02
2023-01-31,FCX,0.02
2023-01-31,CVNA,0.02
2023-01-31,URI,0.02
2023-01-31,UBER,0.02
2023-01-31,GE,0.02
2023-01-31,META,0.02
2023-01-31,DECK,0.02
2023-01-31,UHS,0.02
2023-01-31,BEN,0.02
2023-01-31,MPC,0.02
2023-01-31,PNR,0.02
2023-01-31,HAL,0.02
2023-01-31,FICO,0.02
2023-01-31,SBUX,0.02
2023-02-28,FTNT,0.02
2023-02-28,GWW,0.02
2023-02-28,ROK,0.02
2023-02-28,WDAY,0.02
2023-02-28,AXON,0.02
2023-02-28,RCL,0.02
2023-02-28,ADI,0.02
2023-02-28,EME,0.02
2023-02-28,PNR,0.02
2023-02-28,FICO,0.02
2023-02-28,GE,0.02
2023-02-28,EG,0.02
2023-02-28,MGM,0.02
2023-02-28,APTV,0.02
2023-02-28,META,0.02
2023-02-28,WYNN,0.02
2023-02-28,MPWR,0.02
2023-02-28,WST,0.02
2023-02-28,WBD,0.02
2023-02-28,SMCI,0.02
2023-02-28,ETN,0.02
2023-02-28,ACGL,0.02
2023-02-28,ALGN,0.02
2023-02-28,FIX,0.02
2023-02-28,URI,0.02
2023-02-28,LVS,0.02
2023-02-28,NVR,0.02
2023-02-28,UAL,0.02
2023-02-28,PH,0.02
2023-02-28,JBL,0.02
2023-02-28,ABNB,0.02
2023-02-28,CRH,0.02
2023-02-28,VRT,0.02
2023-02-28,BKNG,0.02
2023-02-28,IDXX,0.02
2023-02-28,SYK,0.02
2023-02-28,BLDR,0.02
2023-02-28,OMC,0.02
2023-02-28,IBKR,0.02
2023-02-28,CINF,0.02
2023-02-28,TDG,0.02
2023-02-28,NVDA,0.02
2023-02-28,ULTA,0.02
2023-02-28,NFLX,0.02
2023-02-28,TPR,0.02
2023-02-28,COIN,0.02
2023-02-28,STLD,0.02
2023-02-28,STT,0.02
2023-02-28,PHM,0.02
2023-02-28,UBER,0.02
2023-03-31,WDAY,0.02
2023-03-31,CVNA,0.02
2023-03-31,LEN,0.02
2023-03-31,OMC,0.02
2023-03-31,NVDA,0.02
2023-03-31,MPWR,0.02
2023-03-31,ADBE,0.02
2023-03-31,AMD,0.02
2023-03-31,IDXX,0.02
2023-03-31,WBD,0.02
2023-03-31,COIN,0.02
2023-03-31,DASH,0.02
2023-03-31,COO,0.02
2023-03-31,BKNG,0.02
2023-03-31,FICO,0.02
2023-03-31,GE,0.02
2023-03-31,BLDR,0.02
2023-03-31,CRM,0.02
2023-03-31,MGM,0.02
2023-03-31,ON,0.02
2023-03-31,NVR,0.02
2023-03-31,TER,0.02
2023-03-31,CRH,0.02
2023-03-31,PANW,0.02
2023-03-31,AMAT,0.02
2023-03-31,JBL,0.02
2023-03-31,ALGN,0.02
2023-03-31,INTC,0.02
2023-03-31,TKO,0.02
2023-03-31,ORCL,0.02
2023-03-31,WYNN,0.02
2023-03-31,FDX,0.02
2023-03-31,ANET,0.02
2023-03-31,META,0.02
2023-03-31,FIX,0.02
2023-03-31,NFLX,0.02
2023-03-31,AVGO,0.02
2023-03-31,PHM,0.02
2023-03-31,BA,0.02
2023-03-31,ADI,0.02
2023-03-31,FTNT,0.02
2023-03-31,SWKS,0.02
2023-03-31,CDNS,0.02
2023-03-31,RCL,0.02
2023-03-31,SYK,0.02
2023-03-31,AXON,0.02
2023-03-31,LRCX,0.02
2023-03-31,WST,0.02
2023-03-31,SMCI,0.02
2023-03-31,FSLR,0.02
2023-04-28,HSY,0.02
2023-04-28,LII,0.02
2023-04-28,WELL,0.02
2023-04-28,ISRG,0.02
2023-04-28,AXON,0.02
2023-04-28,LEN,0.02
2023-04-28,NVDA,0.02
2023-04-28,CHD,0.02
2023-04-28,COO,0.02
2023-04-28,ORLY,0.02
2023-04-28,TTD,0.02
2023-04-28,UHS,0.02
2023-04-28,AMD,0.02
2023-04-28,TKO,0.02
2023-04-28,CPRT,0.02
2023-04-28,MSFT,0.02
2023-04-28,ULTA,0.02
2023-04-28,BA,0.02
2023-04-28,PHM,0.02
2023-04-28,EME,0.02
2023-04-28,BLDR,0.02
2023-04-28,DECK,0.02
2023-04-28,TDG,0.02
2023-04-28,HCA,0.02
2023-04-28,CMG,0.02
2023-04-28,LLY,0.02
2023-04-28,MDLZ,0.02
2023-04-28,TAP,0.02
2023-04-28,BKNG,0.02
2023-04-28,PNR,0.02
2023-04-28,FICO,0.02
2023-04-28,EG,0.02
2023-04-28,GE,0.02
2023-04-28,CMCSA,0.02
2023-04-28,CDNS,0.02
2023-04-28,GWW,0.02
2023-04-28,ACGL,0.02
2023-04-28,META,0.02
2023-04-28,SBUX,0.02
2023-04-28,NVR,0.02
2023-04-28,LVS,0.02
2023-04-28,DHI,0.02
2023-04-28,ANET,0.02
2023-04-28,FDX,0.02
2023-04-28,WYNN,0.02
2023-04-28,SMCI,0.02
2023-04-28,SYK,0.02
2023-04-28,ALGN,0.02
2023-04-28,WST,0.02
2023-04-28,FIX,0.02
2023-05-31,CCL,0.02
2023-05-31,RCL,0.02
2023-05-31,COIN,0.02
2023-05-31,CDNS,0.02
2023-05-31,TTD,0.02
2023-05-31,JBL,0.02
2023-05-31,AMAT,0.02
2023-05-31,TTWO,0.02
2023-05-31,TYL,0.02
2023-05-31,ORCL,0.02
2023-05-31,FICO,0.02
2023-05-31,GE,0.02
2023-05-31,NVDA,0.02
2023-05-31,MSFT,0.02
2023-05-31,CMG,0.02
2023-05-31,FTNT,0.02
2023-05-31,UBER,0.02
2023-05-31,KLAC,0.02
2023-05-31,BLDR,0.02
2023-05-31,LLY,0.02
2023-05-31,VRSK,0.02
2023-05-31,WDAY,0.02
2023-05-31,CVNA,0.02
2023-05-31,MU,0.02
2023-05-31,META,0.02
2023-05-31,AVGO,0.02
2023-05-31,ANET,0.02
2023-05-31,SMCI,0.02
2023-05-31,SNPS,0.02
2023-05-31,APP,0.02
2023-05-31,DDOG,0.02
2023-05-31,LRCX,0.02
2023-05-31,ADBE,0.02
2023-05-31,NOW,0.02
2023-05-31,AAPL,0.02
2023-05-31,NFLX,0.02
2023-05-31,CPRT,0.02
2023-05-31,PANW,0.02
2023-05-31,PHM,0.02
2023-05-31,ISRG,0.02
2023-05-31,LYV,0.02
2023-05-31,VRT,0.02
2023-05-31,GOOG,0.02
2023-05-31,CRM,0.02
2023-05-31,CRWD,0.02
2023-05-31,DVA,0.02
2023-05-31,GOOGL,0.02
2023-05-31,AMD,0.02
2023-05-31,AMZN,0.02
2023-05-31,PLTR,0.02
2023-06-30,TTD,0.02
2023-06-30,TSLA,0.02
2023-06-30,DELL,0.02
2023-06-30,VRT,0.02
2023-06-30,AVGO,0.02
2023-06-30,SWK,0.02
2023-06-30,UAL,0.02
2023-06-30,AMZN,0.02
2023-06-30,COHR,0.02
2023-06-30,F,0.02
2023-06-30,AMD,0.02
2023-06-30,COIN,0.02
2023-06-30,URI,0.02
2023-06-30,UBER,0.02
2023-06-30,TKO,0.02
2023-06-30,DASH,0.02
2023-06-30,DAL,0.02
2023-06-30,APP,0.02
2023-06-30,DDOG,0.02
2023-06-30,ADBE,0.02
2023-06-30,WST,0.02
2023-06-30,SMCI,0.02
2023-06-30,CCL,0.02
2023-06-30,CMG,0.02
2023-06-30,ALGN,0.02
2023-06-30,CVNA,0.02
2023-06-30,TDG,0.02
2023-06-30,BLDR,0.02
2023-06-30,GWW,0.02
2023-06-30,HUBB,0.02
2023-06-30,JBL,0.02
2023-06-30,GE,0.02
2023-06-30,LRCX,0.02
2023-06-30,LEN,0.02
2023-06-30,NFLX,0.02
2023-06-30,MLM,0.02
2023-06-30,PHM,0.02
2023-06-30,ON,0.02
2023-06-30,PNR,0.02
2023-06-30,LII,0.02
2023-06-30,AAPL,0.02
2023-06-30,NCLH,0.02
2023-06-30,META,0.02
2023-06-30,NVDA,0.02
2023-06-30,GNRC,0.02
2023-06-30,PANW,0.02
2023-06-30,PLTR,0.02
2023-06-30,RCL,0.02
2023-06-30,FTNT,0.02
2023-06-30,ORCL,0.02
2023-07-31,PNR,0.02
2023-07-31,META,0.02
2023-07-31,ALGN,0.02
2023-07-31,TTD,0.02
2023-07-31,AVGO,0.02
2023-07-31,LII,0.02
2023-07-31,PLTR,0.02
2023-07-31,HOOD,0.02
2023-07-31,NXPI,0.02
2023-07-31,CRH,0.02
2023-07-31,CVNA,0.02
2023-07-31,LRCX,0.02
2023-07-31,ODFL,0.02
2023-07-31,NVDA,0.02
2023-07-31,ADBE,0.02
2023-07-31,TAP,0.02
2023-07-31,VRT,0.02
2023-07-31,GOOGL,0.02
2023-07-31,DPZ,0.02
2023-07-31,DASH,0.02
2023-07-31,AMD,0.02
2023-07-31,JBL,0.02
2023-07-31,FDX,0.02
2023-07-31,AMAT,0.02
2023-07-31,COIN,0.02
2023-07-31,SMCI,0.02
2023-07-31,GOOG,0.02
2023-07-31,PHM,0.02
2023-07-31,ABNB,0.02
2023-07-31,EME,0.02
2023-07-31,PH,0.02
2023-07-31,FIX,0.02
2023-07-31,TTWO,0.02
2023-07-31,FTNT,0.02
2023-07-31,RCL,0.02
2023-07-31,BLDR,0.02
2023-07-31,CRWD,0.02
2023-07-31,WDAY,0.02
2023-07-31,PANW,0.02
2023-07-31,AMZN,0.02
2023-07-31,GNRC,0.02
2023-07-31,UBER,0.02
2023-07-31,CARR,0.02
2023-07-31,NCLH,0.02
2023-07-31,TSLA,0.02
2023-07-31,ON,0.02
2023-07-31,DDOG,0.02
2023-07-31,CCL,0.02
2023-07-31,KLAC,0.02
2023-07-31,APP,0.02
2023-08-31,VRT,0.02
2023-08-31,CVNA,0.02
2023-08-31,APO,0.02
2023-08-31,TPL,0.02
2023-08-31,PLTR,0.02
2023-08-31,CARR,0.02
2023-08-31,INTU,0.02
2023-08-31,ANET,0.02
2023-08-31,VST,0.02
2023-08-31,AMZN,0.02
2023-08-31,CEG,0.02
2023-08-31,META,0.02
2023-08-31,APP,0.02
2023-08-31,PHM,0.02
2023-08-31,APA,0.02
2023-08-31,TSLA,0.02
2023-08-31,ETN,0.02
2023-08-31,AVGO,0.02
2023-08-31,UBER,0.02
2023-08-31,CCL,0.02
2023-08-31,LRCX,0.02
2023-08-31,FICO,0.02
2023-08-31,ODFL,0.02
2023-08-31,EME,0.02
2023-08-31,FIX,0.02
2023-08-31,HAS,0.02
2023-08-31,DLR,0.02
2023-08-31,WST,0.02
2023-08-31,BR,0.02
2023-08-31,AKAM,0.02
2023-08-31,DELL,0.02
2023-08-31,ORCL,0.02
2023-08-31,CHTR,0.02
2023-08-31,LII,0.02
2023-08-31,ADBE,0.02
2023-08-31,CPAY,0.02
2023-08-31,ERIE,0.02
2023-08-31,BLDR,0.02
2023-08-31,GOOG,0.02
2023-08-31,EQT,0.02
2023-08-31,LLY,0.02
2023-08-31,GOOGL,0.02
2023-08-31,BRO,0.02
2023-08-31,SMCI,0.02
2023-08-31,DASH,0.02
2023-08-31,JBL,0.02
2023-08-31,NVDA,0.02
2023-08-31,PWR,0.02
2023-08-31,NWS,0.02
2023-08-31,DPZ,0.02
2023-09-29,UBER,0.02
2023-09-29,CRWD,0.02
2023-09-29,EME,0.02
2023-09-29,APA,0.02
2023-09-29,NVDA,0.02
2023-09-29,SMCI,0.02
2023-09-29,GOOGL,0.02
2023-09-29,ERIE,0.02
2023-09-29,GOOG,0.02
2023-09-29,HAL,0.02
2023-09-29,ARES,0.02
2023-09-29,SLB,0.02
2023-09-29,CAT,0.02
2023-09-29,CASY,0.02
2023-09-29,WDC,0.02
2023-09-29,META,0.02
2023-09-29,WSM,0.02
2023-09-29,MPC,0.02
2023-09-29,VLO,0.02
2023-09-29,AKAM,0.02
2023-09-29,APP,0.02
2023-09-29,PKG,0.02
2023-09-29,TRGP,0.02
2023-09-29,LII,0.02
2023-09-29,JBL,0.02
2023-09-29,CBOE,0.02
2023-09-29,DELL,0.02
2023-09-29,AIG,0.02
2023-09-29,AFL,0.02
2023-09-29,LLY,0.02
2023-09-29,BKR,0.02
2023-09-29,BKNG,0.02
2023-09-29,DLR,0.02
2023-09-29,AIZ,0.02
2023-09-29,AMGN,0.02
2023-09-29,APO,0.02
2023-09-29,CF,0.02
2023-09-29,COP,0.02
2023-09-29,VRT,0.02
2023-09-29,CVNA,0.02
2023-09-29,CEG,0.02
2023-09-29,KKR,0.02
2023-09-29,VST,0.02
2023-09-29,BX,0.02
2023-09-29,CHTR,0.02
2023-09-29,PSX,0.02
2023-09-29,FANG,0.02
2023-09-29,PLTR,0.02
2023-09-29,TPL,0.02
2023-09-29,J,0.02
2023-10-31,CBOE,0.02
2023-10-31,MCK,0.02
2023-10-31,HAL,0.02
2023-10-31,CRWD,0.02
2023-10-31,LII,0.02
2023-10-31,DECK,0.02
2023-10-31,DELL,0.02
2023-10-31,PGR,0.02
2023-10-31,LLY,0.02
2023-10-31,NRG,0.02
2023-10-31,STX,0.02
2023-10-31,NOW,0.02
2023-10-31,DLR,0.02
2023-10-31,ADBE,0.02
2023-10-31,LDOS,0.02
2023-10-31,SMCI,0.02
2023-10-31,AVGO,0.02
2023-10-31,CVNA,0.02
2023-10-31,VRT,0.02
2023-10-31,PLTR,0.02
2023-10-31,SNPS,0.02
2023-10-31,INTC,0.02
2023-10-31,VST,0.02
2023-10-31,NFLX,0.02
2023-10-31,JBL,0.02
2023-10-31,ANET,0.02
2023-10-31,COP,0.02
2023-10-31,NWSA,0.02
2023-10-31,ALL,0.02
2023-10-31,AIZ,0.02
2023-10-31,CME,0.02
2023-10-31,WTW,0.02
2023-10-31,PANW,0.02
2023-10-31,FIX,0.02
2023-10-31,WRB,0.02
2023-10-31,AKAM,0.02
2023-10-31,NWS,0.02
2023-10-31,WSM,0.02
2023-10-31,CI,0.02
2023-10-31,TPL,0.02
2023-10-31,APP,0.02
2023-10-31,FANG,0.02
2023-10-31,MPC,0.02
2023-10-31,COIN,0.02
2023-10-31,ACGL,0.02
2023-10-31,GD,0.02
2023-10-31,AMZN,0.02
2023-10-31,CEG,0.02
2023-10-31,WMB,0.02
2023-10-31,EQT,0.02
2023-11-30,NTAP,0.02
2023-11-30,LII,0.02
2023-11-30,IT,0.02
2023-11-30,KEY,0.02
2023-11-30,FICO,0.02
2023-11-30,LULU,0.02
2023-11-30,CAH,0.02
2023-11-30,ALL,0.02
2023-11-30,DASH,0.02
2023-11-30,TT,0.02
2023-11-30,CVNA,0.02
2023-11-30,TDG,0.02
2023-11-30,BX,0.02
2023-11-30,PSX,0.02
2023-11-30,COIN,0.02
2023-11-30,PLTR,0.02
2023-11-30,VRT,0.02
2023-11-30,VST,0.02
2023-11-30,PKG,0.02
2023-11-30,GEN,0.02
2023-11-30,INTC,0.02
2023-11-30,CEG,0.02
2023-11-30,EXPE,0.02
2023-11-30,KKR,0.02
2023-11-30,NOW,0.02
2023-11-30,XYZ,0.02
2023-11-30,CRM,0.02
2023-11-30,PH,0.02
2023-11-30,NRG,0.02
2023-11-30,CRH,0.02
2023-11-30,URI,0.02
2023-11-30,AIZ,0.02
2023-11-30,DECK,0.02
2023-11-30,CCI,0.02
2023-11-30,PANW,0.02
2023-11-30,UBER,0.02
2023-11-30,APO,0.02
2023-11-30,CRWD,0.02
2023-11-30,DELL,0.02
2023-11-30,WDAY,0.02
2023-11-30,GDDY,0.02
2023-11-30,STX,0.02
2023-11-30,RCL,0.02
2023-11-30,ADBE,0.02
2023-11-30,WSM,0.02
2023-11-30,CBOE,0.02
2023-11-30,PHM,0.02
2023-11-30,INTU,0.02
2023-11-30,DDOG,0.02
2023-11-30,CCL,0.02
2023-12-29,USB,0.02
2023-12-29,HOOD,0.02
2023-12-29,BLDR,0.02
2023-12-29,BX,0.02
2023-12-29,RCL,0.02
2023-12-29,NRG,0.02
2023-12-29,DHI,0.02
2023-12-29,AMD,0.02
2023-12-29,STX,0.02
2023-12-29,LULU,0.02
2023-12-29,MPWR,0.02
2023-12-29,WSM,0.02
2023-12-29,KEY,0.02
2023-12-29,FICO,0.02
2023-12-29,PHM,0.02
2023-12-29,LII,0.02
2023-12-29,GDDY,0.02
2023-12-29,QCOM,0.02
2023-12-29,SW,0.02
2023-12-29,COF,0.02
2023-12-29,URI,0.02
2023-12-29,FITB,0.02
2023-12-29,SYF,0.02
2023-12-29,BXP,0.02
2023-12-29,PNC,0.02
2023-12-29,INTC,0.02
2023-12-29,UBER,0.02
2023-12-29,AXON,0.02
2023-12-29,VST,0.02
2023-12-29,KKR,0.02
2023-12-29,EXPE,0.02
2023-12-29,ERIE,0.02
2023-12-29,CRWD,0.02
2023-12-29,INTU,0.02
2023-12-29,MU,0.02
2023-12-29,XYZ,0.02
2023-12-29,AVGO,0.02
2023-12-29,SATS,0.02
2023-12-29,ANET,0.02
2023-12-29,CVNA,0.02
2023-12-29,BA,0.02
2023-12-29,TFC,0.02
2023-12-29,EXR,0.02
2023-12-29,SPG,0.02
2023-12-29,CFG,0.02
2023-12-29,CRM,0.02
2023-12-29,CRH,0.02
2023-12-29,VRT,0.02
2023-12-29,LEN,0.02
2023-12-29,COIN,0.02
2024-01-31,ISRG,0.02
2024-01-31,WSM,0.02
2024-01-31,PHM,0.02
2024-01-31,SMCI,0.02
2024-01-31,CIEN,0.02
2024-01-31,NVDA,0.02
2024-01-31,TRV,0.02
2024-01-31,IBM,0.02
2024-01-31,NRG,0.02
2024-01-31,BLDR,0.02
2024-01-31,WDC,0.02
2024-01-31,GDDY,0.02
2024-01-31,AVGO,0.02
2024-01-31,LLY,0.02
2024-01-31,CRWD,0.02
2024-01-31,PANW,0.02
2024-01-31,VZ,0.02
2024-01-31,DELL,0.02
2024-01-31,DECK,0.02
2024-01-31,ERIE,0.02
2024-01-31,CRM,0.02
2024-01-31,URI,0.02
2024-01-31,PGR,0.02
2024-01-31,UBER,0.02
2024-01-31,FITB,0.02
2024-01-31,NOW,0.02
2024-01-31,WDAY,0.02
2024-01-31,KKR,0.02
2024-01-31,AXP,0.02
2024-01-31,EXPE,0.02
2024-01-31,GEN,0.02
2024-01-31,VRT,0.02
2024-01-31,PSX,0.02
2024-01-31,COIN,0.02
2024-01-31,AMD,0.02
2024-01-31,COHR,0.02
2024-01-31,AMGN,0.02
2024-01-31,NFLX,0.02
2024-01-31,TDG,0.02
2024-01-31,C,0.02
2024-01-31,VST,0.02
2024-01-31,ALL,0.02
2024-01-31,WRB,0.02
2024-01-31,KEY,0.02
2024-01-31,ANET,0.02
2024-01-31,IT,0.02
2024-01-31,DASH,0.02
2024-01-31,EFX,0.02
2024-01-31,FICO,0.02
2024-01-31,COR,0.02
2024-02-29,LLY,0.02
2024-02-29,CVNA,0.02
2024-02-29,NVDA,0.02
2024-02-29,DELL,0.02
2024-02-29,COHR,0.02
2024-02-29,TT,0.02
2024-02-29,COIN,0.02
2024-02-29,CRM,0.02
2024-02-29,CRH,0.02
2024-02-29,TPR,0.02
2024-02-29,CRWD,0.02
2024-02-29,IBKR,0.02
2024-02-29,URI,0.02
2024-02-29,CMG,0.02
2024-02-29,UBER,0.02
2024-02-29,CEG,0.02
2024-02-29,HWM,0.02
2024-02-29,DASH,0.02
2024-02-29,KLAC,0.02
2024-02-29,IR,0.02
2024-02-29,KKR,0.02
2024-02-29,DECK,0.02
2024-02-29,AVGO,0.02
2024-02-29,FIX,0.02
2024-02-29,AMAT,0.02
2024-02-29,SMCI,0.02
2024-02-29,EME,0.02
2024-02-29,MAS,0.02
2024-02-29,AMD,0.02
2024-02-29,LRCX,0.02
2024-02-29,AXON,0.02
2024-02-29,VST,0.02
2024-02-29,MPWR,0.02
2024-02-29,PLTR,0.02
2024-02-29,GDDY,0.02
2024-02-29,AXP,0.02
2024-02-29,WSM,0.02
2024-02-29,ERIE,0.02
2024-02-29,QCOM,0.02
2024-02-29,HOOD,0.02
2024-02-29,APP,0.02
2024-02-29,XYZ,0.02
2024-02-29,GE,0.02
2024-02-29,PWR,0.02
2024-02-29,GEHC,0.02
2024-02-29,META,0.02
2024-02-29,VRT,0.02
2024-02-29,BLDR,0.02
2024-02-29,RL,0.02
2024-02-29,ANET,0.02
2024-03-28,DVA,0.02
2024-03-28,COHR,0.02
2024-03-28,VST,0.02
2024-03-28,C,0.02
2024-03-28,VRT,0.02
2024-03-28,NFLX,0.02
2024-03-28,TPR,0.02
2024-03-28,DXCM,0.02
2024-03-28,CVNA,0.02
2024-03-28,TGT,0.02
2024-03-28,LEN,0.02
2024-03-28,CEG,0.02
2024-03-28,UBER,0.02
2024-03-28,PCAR,0.02
2024-03-28,EME,0.02
2024-03-28,KKR,0.02
2024-03-28,CRWD,0.02
2024-03-28,APP,0.02
2024-03-28,ANET,0.02
2024-03-28,META,0.02
2024-03-28,CRH,0.02
2024-03-28,COIN,0.02
2024-03-28,AMD,0.02
2024-03-28,AVGO,0.02
2024-03-28,NVDA,0.02
2024-03-28,SMCI,0.02
2024-03-28,NTAP,0.02
2024-03-28,DIS,0.02
2024-03-28,MPC,0.02
2024-03-28,WSM,0.02
2024-03-28,WDC,0.02
2024-03-28,DECK,0.02
2024-03-28,DASH,0.02
2024-03-28,PHM,0.02
2024-03-28,CMG,0.02
2024-03-28,FIX,0.02
2024-03-28,URI,0.02
2024-03-28,LRCX,0.02
2024-03-28,ETN,0.02
2024-03-28,RL,0.02
2024-03-28,PGR,0.02
2024-03-28,BLDR,0.02
2024-03-28,GE,0.02
2024-03-28,NRG,0.02
2024-03-28,KEY,0.02
2024-03-28,ALL,0.02
2024-03-28,XYZ,0.02
2024-03-28,MU,0.02
2024-03-28,HOOD,0.02
2024-03-28,DELL,0.02
2024-04-30,APP,0.02
2024-04-30,WFC,0.02
2024-04-30,FIX,0.02
2024-04-30,RCL,0.02
2024-04-30,IR,0.02
2024-04-30,TSCO,0.02
2024-04-30,ETN,0.02
2024-04-30,NRG,0.02
2024-04-30,GM,0.02
2024-04-30,WAB,0.02
2024-04-30,DELL,0.02
2024-04-30,HWM,0.02
2024-04-30,UAL,0.02
2024-04-30,HAS,0.02
2024-04-30,GNRC,0.02
2024-04-30,SYF,0.02
2024-04-30,EME,0.02
2024-04-30,CEG,0.02
2024-04-30,IBKR,0.02
2024-04-30,TDG,0.02
2024-04-30,XYZ,0.02
2024-04-30,PWR,0.02
2024-04-30,GDDY,0.02
2024-04-30,DPZ,0.02
2024-04-30,COHR,0.02
2024-04-30,AXP,0.02
2024-04-30,DAL,0.02
2024-04-30,FCX,0.02
2024-04-30,WDC,0.02
2024-04-30,RMD,0.02
2024-04-30,GE,0.02
2024-04-30,DVA,0.02
2024-04-30,BALL,0.02
2024-04-30,CVNA,0.02
2024-04-30,HOOD,0.02
2024-04-30,MU,0.02
2024-04-30,VRT,0.02
2024-04-30,WSM,0.02
2024-04-30,COIN,0.02
2024-04-30,CMG,0.02
2024-04-30,SMCI,0.02
2024-04-30,NVDA,0.02
2024-04-30,MPWR,0.02
2024-04-30,TT,0.02
2024-04-30,AXON,0.02
2024-04-30,VST,0.02
2024-04-30,APH,0.02
2024-04-30,ZBRA,0.02
2024-04-30,LDOS,0.02
2024-04-30,DASH,0.02
2024-05-31,ETN,0.02
2024-05-31,MU,0.02
2024-05-31,WDC,0.02
2024-05-31,GDDY,0.02
2024-05-31,WSM,0.02
2024-05-31,PWR,0.02
2024-05-31,AES,0.02
2024-05-31,GE,0.02
2024-05-31,RL,0.02
2024-05-31,FSLR,0.02
2024-05-31,RCL,0.02
2024-05-31,MRNA,0.02
2024-05-31,JCI,0.02
2024-05-31,FIX,0.02
2024-05-31,QCOM,0.02
2024-05-31,TKO,0.02
2024-05-31,GLW,0.02
2024-05-31,CEG,0.02
2024-05-31,KLAC,0.02
2024-05-31,GNRC,0.02
2024-05-31,COST,0.02
2024-05-31,FCX,0.02
2024-05-31,TT,0.02
2024-05-31,COIN,0.02
2024-05-31,SATS,0.02
2024-05-31,WAB,0.02
2024-05-31,CVNA,0.02
2024-05-31,TER,0.02
2024-05-31,IP,0.02
2024-05-31,IBKR,0.02
2024-05-31,DELL,0.02
2024-05-31,HOOD,0.02
2024-05-31,NVDA,0.02
2024-05-31,DECK,0.02
2024-05-31,DVA,0.02
2024-05-31,SW,0.02
2024-05-31,HWM,0.02
2024-05-31,NEE,0.02
2024-05-31,SMCI,0.02
2024-05-31,IFF,0.02
2024-05-31,EME,0.02
2024-05-31,VRT,0.02
2024-05-31,NRG,0.02
2024-05-31,ADI,0.02
2024-05-31,APH,0.02
2024-05-31,HPQ,0.02
2024-05-31,NTAP,0.02
2024-05-31,VST,0.02
2024-05-31,APP,0.02
2024-05-31,UHS,0.02
2024-06-28,NFLX,0.02
2024-06-28,ORCL,0.02
2024-06-28,QCOM,0.02
2024-06-28,WMT,0.02
2024-06-28,CVNA,0.02
2024-06-28,AMAT,0.02
2024-06-28,VRT,0.02
2024-06-28,NTAP,0.02
2024-06-28,GDDY,0.02
2024-06-28,LRCX,0.02
2024-06-28,GE,0.02
2024-06-28,PLTR,0.02
2024-06-28,FDX,0.02
2024-06-28,HPE,0.02
2024-06-28,BSX,0.02
2024-06-28,FICO,0.02
2024-06-28,HOOD,0.02
2024-06-28,MPWR,0.02
2024-06-28,TRGP,0.02
2024-06-28,ANET,0.02
2024-06-28,DELL,0.02
2024-06-28,COST,0.02
2024-06-28,APP,0.02
2024-06-28,CEG,0.02
2024-06-28,CRWD,0.02
2024-06-28,META,0.02
2024-06-28,TER,0.02
2024-06-28,WDC,0.02
2024-06-28,MU,0.02
2024-06-28,ISRG,0.02
2024-06-28,GOOG,0.02
2024-06-28,GOOGL,0.02
2024-06-28,IRM,0.02
2024-06-28,NRG,0.02
2024-06-28,TKO,0.02
2024-06-28,KLAC,0.02
2024-06-28,APH,0.02
2024-06-28,LLY,0.02
2024-06-28,EME,0.02
2024-06-28,IBKR,0.02
2024-06-28,COHR,0.02
2024-06-28,SYF,0.02
2024-06-28,VST,0.02
2024-06-28,TPL,0.02
2024-06-28,TT,0.02
2024-06-28,CASY,0.02
2024-06-28,GLW,0.02
2024-06-28,NVDA,0.02
2024-06-28,SMCI,0.02
2024-06-28,AVGO,0.02
2024-07-31,MPWR,0.02
2024-07-31,LMT,0.02
2024-07-31,BKR,0.02
2024-07-31,KKR,0.02
2024-07-31,CASY,0.02
2024-07-31,CFG,0.02
2024-07-31,NVDA,0.02
2024-07-31,CBRE,0.02
2024-07-31,APP,0.02
2024-07-31,TYL,0.02
2024-07-31,BRO,0.02
2024-07-31,LII,0.02
2024-07-31,VLTO,0.02
2024-07-31,NTAP,0.02
2024-07-31,WSM,0.02
2024-07-31,NEM,0.02
2024-07-31,UHS,0.02
2024-07-31,VST,0.02
2024-07-31,MMM,0.02
2024-07-31,ZBRA,0.02
2024-07-31,CHTR,0.02
2024-07-31,LEN,0.02
2024-07-31,TRGP,0.02
2024-07-31,FICO,0.02
2024-07-31,GE,0.02
2024-07-31,RTX,0.02
2024-07-31,GNRC,0.02
2024-07-31,EFX,0.02
2024-07-31,SATS,0.02
2024-07-31,RVTY,0.02
2024-07-31,PHM,0.02
2024-07-31,PM,0.02
2024-07-31,PEG,0.02
2024-07-31,TPL,0.02
2024-07-31,CVNA,0.02
2024-07-31,COIN,0.02
2024-07-31,PLTR,0.02
2024-07-31,COHR,0.02
2024-07-31,HOOD,0.02
2024-07-31,SWK,0.02
2024-07-31,GS,0.02
2024-07-31,GRMN,0.02
2024-07-31,ERIE,0.02
2024-07-31,FIX,0.02
2024-07-31,FSLR,0.02
2024-07-31,DHI,0.02
2024-07-31,EME,0.02
2024-07-31,HWM,0.02
2024-07-31,IP,0.02
2024-07-31,IRM,0.02
2024-08-30,UHS,0.02
2024-08-30,PSA,0.02
2024-08-30,NEM,0.02
2024-08-30,TTD,0.02
2024-08-30,APP,0.02
2024-08-30,LLY,0.02
2024-08-30,NDAQ,0.02
2024-08-30,CVNA,0.02
2024-08-30,MSI,0.02
2024-08-30,TYL,0.02
2024-08-30,EXR,0.02
2024-08-30,PM,0.02
2024-08-30,NVDA,0.02
2024-08-30,PANW,0.02
2024-08-30,HAS,0.02
2024-08-30,IRM,0.02
2024-08-30,AXON,0.02
2024-08-30,CPT,0.02
2024-08-30,VST,0.02
2024-08-30,RTX,0.02
2024-08-30,ERIE,0.02
2024-08-30,TKO,0.02
2024-08-30,MAA,0.02
2024-08-30,VTR,0.02
2024-08-30,CFG,0.02
2024-08-30,ACGL,0.02
2024-08-30,WMT,0.02
2024-08-30,HWM,0.02
2024-08-30,RMD,0.02
2024-08-30,FOX,0.02
2024-08-30,MO,0.02
2024-08-30,LMT,0.02
2024-08-30,TRGP,0.02
2024-08-30,FICO,0.02
2024-08-30,MPWR,0.02
2024-08-30,GDDY,0.02
2024-08-30,KEY,0.02
2024-08-30,BBY,0.02
2024-08-30,MMM,0.02
2024-08-30,NRG,0.02
2024-08-30,AFL,0.02
2024-08-30,RF,0.02
2024-08-30,PLTR,0.02
2024-08-30,PGR,0.02
2024-08-30,FTNT,0.02
2024-08-30,CHRW,0.02
2024-08-30,LITE,0.02
2024-08-30,COHR,0.02
2024-08-30,FOXA,0.02
2024-08-30,TPL,0.02
2024-09-30,HAS,0.0196078431372549
2024-09-30,LITE,0.0196078431372549
2024-09-30,SWK,0.0196078431372549
2024-09-30,NVR,0.0196078431372549
2024-09-30,NRG,0.0196078431372549
2024-09-30,HWM,0.0196078431372549
2024-09-30,PODD,0.0196078431372549
2024-09-30,UAL,0.0196078431372549
2024-09-30,EBAY,0.0196078431372549
2024-09-30,NEM,0.0196078431372549
2024-09-30,VST,0.0196078431372549
2024-09-30,VRT,0.0196078431372549
2024-09-30,PLTR,0.0196078431372549
2024-09-30,BXP,0.0196078431372549
2024-09-30,CVNA,0.0196078431372549
2024-09-30,PEG,0.0196078431372549
2024-09-30,AXON,0.0196078431372549
2024-09-30,NEE,0.0196078431372549
2024-09-30,PHM,0.0196078431372549
2024-09-30,VTR,0.0196078431372549
2024-09-30,PNR,0.0196078431372549
2024-09-30,CARR,0.0196078431372549
2024-09-30,PYPL,0.0196078431372549
2024-09-30,KKR,0.0196078431372549
2024-09-30,TSLA,0.0196078431372549
2024-09-30,ETR,0.0196078431372549
2024-09-30,IRM,0.0196078431372549
2024-09-30,TT,0.0196078431372549
2024-09-30,TPL,0.0196078431372549
2024-09-30,COHR,0.0196078431372549
2024-09-30,SATS,0.0196078431372549
2024-09-30,CIEN,0.0196078431372549
2024-09-30,GLW,0.0196078431372549
2024-09-30,GEV,0.0196078431372549
2024-09-30,CEG,0.0196078431372549
2024-09-30,ORCL,0.0196078431372549
2024-09-30,GE,0.0196078431372549
2024-09-30,CHRW,0.0196078431372549
2024-09-30,FICO,0.0196078431372549
2024-09-30,PSA,0.0196078431372549
2024-09-30,WELL,0.0196078431372549
2024-09-30,WMT,0.0196078431372549
2024-09-30,TKO,0.0196078431372549
2024-09-30,CBRE,0.0196078431372549
2024-09-30,FOX,0.0196078431372549
2024-09-30,FSLR,0.0196078431372549
2024-09-30,FOXA,0.0196078431372549
2024-09-30,FIX,0.0196078431372549
2024-09-30,APP,0.0196078431372549
2024-09-30,MMM,0.0196078431372549
2024-09-30,ERIE,0.0196078431372549
2024-10-31,ORCL,0.0196078431372549
2024-10-31,BX,0.0196078431372549
2024-10-31,COHR,0.0196078431372549
2024-10-31,WMB,0.0196078431372549
2024-10-31,GEN,0.0196078431372549
2024-10-31,GEV,0.0196078431372549
2024-10-31,HOOD,0.0196078431372549
2024-10-31,PLTR,0.0196078431372549
2024-10-31,TPL,0.0196078431372549
2024-10-31,ADSK,0.0196078431372549
2024-10-31,IBKR,0.0196078431372549
2024-10-31,BKNG,0.0196078431372549
2024-10-31,RCL,0.0196078431372549
2024-10-31,LITE,0.0196078431372549
2024-10-31,MS,0.0196078431372549
2024-10-31,FFIV,0.0196078431372549
2024-10-31,TRGP,0.0196078431372549
2024-10-31,DAL,0.0196078431372549
2024-10-31,FICO,0.0196078431372549
2024-10-31,FISV,0.0196078431372549
2024-10-31,DASH,0.0196078431372549
2024-10-31,RJF,0.0196078431372549
2024-10-31,LDOS,0.0196078431372549
2024-10-31,AXON,0.0196078431372549
2024-10-31,ETR,0.0196078431372549
2024-10-31,KMI,0.0196078431372549
2024-10-31,CEG,0.0196078431372549
2024-10-31,UAL,0.0196078431372549
2024-10-31,IRM,0.0196078431372549
2024-10-31,CBRE,0.0196078431372549
2024-10-31,NCLH,0.0196078431372549
2024-10-31,WELL,0.0196078431372549
2024-10-31,VST,0.0196078431372549
2024-10-31,NVDA,0.0196078431372549
2024-10-31,IP,0.0196078431372549
2024-10-31,CVNA,0.0196078431372549
2024-10-31,ANET,0.0196078431372549
2024-10-31,VTR,0.0196078431372549
2024-10-31,PM,0.0196078431372549
2024-10-31,NFLX,0.0196078431372549
2024-10-31,SATS,0.0196078431372549
2024-10-31,TTD,0.0196078431372549
2024-10-31,VRT,0.0196078431372549
2024-10-31,LYV,0.0196078431372549
2024-10-31,APP,0.0196078431372549
2024-10-31,CCL,0.0196078431372549
2024-10-31,MTB,0.0196078431372549
2024-10-31,GLW,0.0196078431372549
2024-10-31,KKR,0.0196078431372549
2024-10-31,INCY,0.0196078431372549
2024-10-31,APO,0.0196078431372549
2024-11-29,FISV,0.0196078431372549
2024-11-29,APO,0.0196078431372549
2024-11-29,WBD,0.0196078431372549
2024-11-29,APP,0.0196078431372549
2024-11-29,RCL,0.0196078431372549
2024-11-29,EPAM,0.0196078431372549
2024-11-29,NOW,0.0196078431372549
2024-11-29,BKNG,0.0196078431372549
2024-11-29,NCLH,0.0196078431372549
2024-11-29,FTNT,0.0196078431372549
2024-11-29,PODD,0.0196078431372549
2024-11-29,FIX,0.0196078431372549
2024-11-29,MTB,0.0196078431372549
2024-11-29,AXON,0.0196078431372549
2024-11-29,VST,0.0196078431372549
2024-11-29,GEV,0.0196078431372549
2024-11-29,HOOD,0.0196078431372549
2024-11-29,NFLX,0.0196078431372549
2024-11-29,VRT,0.0196078431372549
2024-11-29,WMB,0.0196078431372549
2024-11-29,LYV,0.0196078431372549
2024-11-29,EXPE,0.0196078431372549
2024-11-29,PLTR,0.0196078431372549
2024-11-29,ETR,0.0196078431372549
2024-11-29,RJF,0.0196078431372549
2024-11-29,FICO,0.0196078431372549
2024-11-29,GDDY,0.0196078431372549
2024-11-29,XYZ,0.0196078431372549
2024-11-29,COHR,0.0196078431372549
2024-11-29,KMI,0.0196078431372549
2024-11-29,DASH,0.0196078431372549
2024-11-29,COIN,0.0196078431372549
2024-11-29,KKR,0.0196078431372549
2024-11-29,TSLA,0.0196078431372549
2024-11-29,CBRE,0.0196078431372549
2024-11-29,DDOG,0.0196078431372549
2024-11-29,CRM,0.0196078431372549
2024-11-29,ORCL,0.0196078431372549
2024-11-29,TPR,0.0196078431372549
2024-11-29,CVNA,0.0196078431372549
2024-11-29,DAL,0.0196078431372549
2024-11-29,TRGP,0.0196078431372549
2024-11-29,BX,0.0196078431372549
2024-11-29,TPL,0.0196078431372549
2024-11-29,UAL,0.0196078431372549
2024-11-29,COF,0.0196078431372549
2024-11-29,OKE,0.0196078431372549
2024-11-29,SYF,0.0196078431372549
2024-11-29,IBKR,0.0196078431372549
2024-11-29,LITE,0.0196078431372549
2024-11-29,CCL,0.0196078431372549
2024-12-31,APP,0.0196078431372549
2024-12-31,UAL,0.0196078431372549
2024-12-31,DRI,0.0196078431372549
2024-12-31,AXON,0.0196078431372549
2024-12-31,JBL,0.0196078431372549
2024-12-31,ANET,0.0196078431372549
2024-12-31,HOOD,0.0196078431372549
2024-12-31,FFIV,0.0196078431372549
2024-12-31,GILD,0.0196078431372549
2024-12-31,EXPE,0.0196078431372549
2024-12-31,WSM,0.0196078431372549
2024-12-31,FOXA,0.0196078431372549
2024-12-31,DAL,0.0196078431372549
2024-12-31,VST,0.0196078431372549
2024-12-31,LULU,0.0196078431372549
2024-12-31,TSLA,0.0196078431372549
2024-12-31,GDDY,0.0196078431372549
2024-12-31,LITE,0.0196078431372549
2024-12-31,GRMN,0.0196078431372549
2024-12-31,TKO,0.0196078431372549
2024-12-31,NFLX,0.0196078431372549
2024-12-31,RCL,0.0196078431372549
2024-12-31,CRM,0.0196078431372549
2024-12-31,TPR,0.0196078431372549
2024-12-31,CVNA,0.0196078431372549
2024-12-31,GEV,0.0196078431372549
2024-12-31,XYZ,0.0196078431372549
2024-12-31,EXE,0.0196078431372549
2024-12-31,RL,0.0196078431372549
2024-12-31,PLTR,0.0196078431372549
2024-12-31,APO,0.0196078431372549
2024-12-31,ETR,0.0196078431372549
2024-12-31,CCL,0.0196078431372549
2024-12-31,NCLH,0.0196078431372549
2024-12-31,CBRE,0.0196078431372549
2024-12-31,FTNT,0.0196078431372549
2024-12-31,SYF,0.0196078431372549
2024-12-31,NOW,0.0196078431372549
2024-12-31,AVGO,0.0196078431372549
2024-12-31,FOX,0.0196078431372549
2024-12-31,IBKR,0.0196078431372549
2024-12-31,BMY,0.0196078431372549
2024-12-31,STT,0.0196078431372549
2024-12-31,WBD,0.0196078431372549
2024-12-31,PYPL,0.0196078431372549
2024-12-31,DASH,0.0196078431372549
2024-12-31,ARES,0.0196078431372549
2024-12-31,DECK,0.0196078431372549
2024-12-31,CIEN,0.0196078431372549
2024-12-31,KMI,0.0196078431372549
2024-12-31,EQT,0.0196078431372549
2025-01-31,VST,0.0196078431372549
2025-01-31,NFLX,0.0196078431372549
2025-01-31,UAL,0.0196078431372549
2025-01-31,COF,0.0196078431372549
2025-01-31,KKR,0.0196078431372549
2025-01-31,GEV,0.0196078431372549
2025-01-31,AXON,0.0196078431372549
2025-01-31,PODD,0.0196078431372549
2025-01-31,CEG,0.0196078431372549
2025-01-31,TPL,0.0196078431372549
2025-01-31,CRWD,0.0196078431372549
2025-01-31,COIN,0.0196078431372549
2025-01-31,C,0.0196078431372549
2025-01-31,LYV,0.0196078431372549
2025-01-31,NCLH,0.0196078431372549
2025-01-31,IBM,0.0196078431372549
2025-01-31,ETR,0.0196078431372549
2025-01-31,SBUX,0.0196078431372549
2025-01-31,JBL,0.0196078431372549
2025-01-31,DAL,0.0196078431372549
2025-01-31,TSLA,0.0196078431372549
2025-01-31,DASH,0.0196078431372549
2025-01-31,CIEN,0.0196078431372549
2025-01-31,EQT,0.0196078431372549
2025-01-31,LITE,0.0196078431372549
2025-01-31,SATS,0.0196078431372549
2025-01-31,RCL,0.0196078431372549
2025-01-31,FTNT,0.0196078431372549
2025-01-31,CCL,0.0196078431372549
2025-01-31,HWM,0.0196078431372549
2025-01-31,IBKR,0.0196078431372549
2025-01-31,FOX,0.0196078431372549
2025-01-31,SYF,0.0196078431372549
2025-01-31,TPR,0.0196078431372549
2025-01-31,XYZ,0.0196078431372549
2025-01-31,RL,0.0196078431372549
2025-01-31,FFIV,0.0196078431372549
2025-01-31,HOOD,0.0196078431372549
2025-01-31,WFC,0.0196078431372549
2025-01-31,PLTR,0.0196078431372549
2025-01-31,META,0.0196078431372549
2025-01-31,TRGP,0.0196078431372549
2025-01-31,WSM,0.0196078431372549
2025-01-31,CVNA,0.0196078431372549
2025-01-31,GDDY,0.0196078431372549
2025-01-31,RJF,0.0196078431372549
2025-01-31,TKO,0.0196078431372549
2025-01-31,LULU,0.0196078431372549
2025-01-31,APP,0.0196078431372549
2025-01-31,BSX,0.0196078431372549
2025-01-31,WMT,0.0196078431372549
2025-02-28,TTWO,0.0196078431372549
2025-02-28,SATS,0.0196078431372549
2025-02-28,CSCO,0.0196078431372549
2025-02-28,YUM,0.0196078431372549
2025-02-28,EXC,0.0196078431372549
2025-02-28,ABBV,0.0196078431372549
2025-02-28,UAL,0.0196078431372549
2025-02-28,APP,0.0196078431372549
2025-02-28,WBD,0.0196078431372549
2025-02-28,WELL,0.0196078431372549
2025-02-28,ABT,0.0196078431372549
2025-02-28,ETR,0.0196078431372549
2025-02-28,CRWD,0.0196078431372549
2025-02-28,BSX,0.0196078431372549
2025-02-28,DRI,0.0196078431372549
2025-02-28,FISV,0.0196078431372549
2025-02-28,JBL,0.0196078431372549
2025-02-28,NI,0.0196078431372549
2025-02-28,PLTR,0.0196078431372549
2025-02-28,CVS,0.0196078431372549
2025-02-28,VRSN,0.0196078431372549
2025-02-28,TPR,0.0196078431372549
2025-02-28,T,0.0196078431372549
2025-02-28,FFIV,0.0196078431372549
2025-02-28,HOOD,0.0196078431372549
2025-02-28,RL,0.0196078431372549
2025-02-28,CIEN,0.0196078431372549
2025-02-28,V,0.0196078431372549
2025-02-28,HWM,0.0196078431372549
2025-02-28,FOX,0.0196078431372549
2025-02-28,BK,0.0196078431372549
2025-02-28,IBKR,0.0196078431372549
2025-02-28,NRG,0.0196078431372549
2025-02-28,FOXA,0.0196078431372549
2025-02-28,FTNT,0.0196078431372549
2025-02-28,AJG,0.0196078431372549
2025-02-28,IBM,0.0196078431372549
2025-02-28,DASH,0.0196078431372549
2025-02-28,CME,0.0196078431372549
2025-02-28,AEE,0.0196078431372549
2025-02-28,GILD,0.0196078431372549
2025-02-28,TMUS,0.0196078431372549
2025-02-28,TPL,0.0196078431372549
2025-02-28,SOLV,0.0196078431372549
2025-02-28,VTR,0.0196078431372549
2025-02-28,PM,0.0196078431372549
2025-02-28,EXPE,0.0196078431372549
2025-02-28,NFLX,0.0196078431372549
2025-02-28,GEV,0.0196078431372549
2025-02-28,SMCI,0.0196078431372549
2025-02-28,LYV,0.0196078431372549
2025-03-31,CME,0.0196078431372549
2025-03-31,EXE,0.0196078431372549
2025-03-31,GL,0.0196078431372549
2025-03-31,AIG,0.0196078431372549
2025-03-31,ORLY,0.0196078431372549
2025-03-31,PSKY,0.0196078431372549
2025-03-31,FOX,0.0196078431372549
2025-03-31,TMUS,0.0196078431372549
2025-03-31,FOXA,0.0196078431372549
2025-03-31,EXC,0.0196078431372549
2025-03-31,MOS,0.0196078431372549
2025-03-31,TTWO,0.0196078431372549
2025-03-31,TRGP,0.0196078431372549
2025-03-31,WELL,0.0196078431372549
2025-03-31,TPL,0.0196078431372549
2025-03-31,WEC,0.0196078431372549
2025-03-31,WRB,0.0196078431372549
2025-03-31,COR,0.0196078431372549
2025-03-31,TPR,0.0196078431372549
2025-03-31,MO,0.0196078431372549
2025-03-31,CNP,0.0196078431372549
2025-03-31,AJG,0.0196078431372549
2025-03-31,RSG,0.0196078431372549
2025-03-31,WMB,0.0196078431372549
2025-03-31,GILD,0.0196078431372549
2025-03-31,ETR,0.0196078431372549
2025-03-31,PM,0.0196078431372549
2025-03-31,AZO,0.0196078431372549
2025-03-31,AEP,0.0196078431372549
2025-03-31,KR,0.0196078431372549
2025-03-31,CBOE,0.0196078431372549
2025-03-31,HWM,0.0196078431372549
2025-03-31,ED,0.0196078431372549
2025-03-31,CAH,0.0196078431372549
2025-03-31,BMY,0.0196078431372549
2025-03-31,BRK-B,0.0196078431372549
2025-03-31,CVX,0.0196078431372549
2025-03-31,BKR,0.0196078431372549
2025-03-31,T,0.0196078431372549
2025-03-31,DRI,0.0196078431372549
2025-03-31,EQT,0.0196078431372549
2025-03-31,KMI,0.0196078431372549
2025-03-31,DG,0.0196078431372549
2025-03-31,HOOD,0.0196078431372549
2025-03-31,V,0.0196078431372549
2025-03-31,PLTR,0.0196078431372549
2025-03-31,APP,0.0196078431372549
2025-03-31,CVS,0.0196078431372549
2025-03-31,VRSN,0.0196078431372549
2025-03-31,MCK,0.0196078431372549
2025-03-31,BRO,0.0196078431372549
2025-04-30,HOOD,0.0196078431372549
2025-04-30,NEM,0.0196078431372549
2025-04-30,VRSN,0.0196078431372549
2025-04-30,CAH,0.0196078431372549
2025-04-30,ED,0.0196078431372549
2025-04-30,DPZ,0.0196078431372549
2025-04-30,DLTR,0.0196078431372549
2025-04-30,AXON,0.0196078431372549
2025-04-30,ROL,0.0196078431372549
2025-04-30,MOS,0.0196078431372549
2025-04-30,WMT,0.0196078431372549
2025-04-30,NFLX,0.0196078431372549
2025-04-30,BA,0.0196078431372549
2025-04-30,MO,0.0196078431372549
2025-04-30,CNP,0.0196078431372549
2025-04-30,CVS,0.0196078431372549
2025-04-30,TPR,0.0196078431372549
2025-04-30,PLTR,0.0196078431372549
2025-04-30,CVNA,0.0196078431372549
2025-04-30,CHTR,0.0196078431372549
2025-04-30,MNST,0.0196078431372549
2025-04-30,T,0.0196078431372549
2025-04-30,GEV,0.0196078431372549
2025-04-30,WRB,0.0196078431372549
2025-04-30,PM,0.0196078431372549
2025-04-30,DASH,0.0196078431372549
2025-04-30,COR,0.0196078431372549
2025-04-30,MCK,0.0196078431372549
2025-04-30,TKO,0.0196078431372549
2025-04-30,APP,0.0196078431372549
2025-04-30,BKNG,0.0196078431372549
2025-04-30,RSG,0.0196078431372549
2025-04-30,HWM,0.0196078431372549
2025-04-30,EXC,0.0196078431372549
2025-04-30,TTWO,0.0196078431372549
2025-04-30,CPRT,0.0196078431372549
2025-04-30,DG,0.0196078431372549
2025-04-30,SBAC,0.0196078431372549
2025-04-30,NRG,0.0196078431372549
2025-04-30,DGX,0.0196078431372549
2025-04-30,APH,0.0196078431372549
2025-04-30,CDNS,0.0196078431372549
2025-04-30,AMT,0.0196078431372549
2025-04-30,CASY,0.0196078431372549
2025-04-30,CME,0.0196078431372549
2025-04-30,FIX,0.0196078431372549
2025-04-30,ATO,0.0196078431372549
2025-04-30,FTNT,0.0196078431372549
2025-04-30,UBER,0.0196078431372549
2025-04-30,KR,0.0196078431372549
2025-04-30,CRWD,0.0196078431372549
2025-05-30,STX,0.0196078431372549
2025-05-30,NRG,0.0196078431372549
2025-05-30,CIEN,0.0196078431372549
2025-05-30,TSLA,0.0196078431372549
2025-05-30,DG,0.0196078431372549
2025-05-30,JBL,0.0196078431372549
2025-05-30,IBKR,0.0196078431372549
2025-05-30,FIX,0.0196078431372549
2025-05-30,VEEV,0.0196078431372549
2025-05-30,DLTR,0.0196078431372549
2025-05-30,JCI,0.0196078431372549
2025-05-30,HWM,0.0196078431372549
2025-05-30,CME,0.0196078431372549
2025-05-30,EXE,0.0196078431372549
2025-05-30,CRWD,0.0196078431372549
2025-05-30,CEG,0.0196078431372549
2025-05-30,PODD,0.0196078431372549
2025-05-30,INTU,0.0196078431372549
2025-05-30,AVGO,0.0196078431372549
2025-05-30,NVDA,0.0196078431372549
2025-05-30,CF,0.0196078431372549
2025-05-30,APH,0.0196078431372549
2025-05-30,APTV,0.0196078431372549
2025-05-30,APP,0.0196078431372549
2025-05-30,EQT,0.0196078431372549
2025-05-30,VRSN,0.0196078431372549
2025-05-30,PLTR,0.0196078431372549
2025-05-30,NFLX,0.0196078431372549
2025-05-30,ULTA,0.0196078431372549
2025-05-30,CVNA,0.0196078431372549
2025-05-30,DRI,0.0196078431372549
2025-05-30,PWR,0.0196078431372549
2025-05-30,IDXX,0.0196078431372549
2025-05-30,MOS,0.0196078431372549
2025-05-30,GE,0.0196078431372549
2025-05-30,HOOD,0.0196078431372549
2025-05-30,WRB,0.0196078431372549
2025-05-30,RL,0.0196078431372549
2025-05-30,BA,0.0196078431372549
2025-05-30,AXON,0.0196078431372549
2025-05-30,VST,0.0196078431372549
2025-05-30,NEM,0.0196078431372549
2025-05-30,CAH,0.0196078431372549
2025-05-30,HCA,0.0196078431372549
2025-05-30,ROK,0.0196078431372549
2025-05-30,CTVA,0.0196078431372549
2025-05-30,MNST,0.0196078431372549
2025-05-30,MSFT,0.0196078431372549
2025-05-30,PM,0.0196078431372549
2025-05-30,GEV,0.0196078431372549
2025-05-30,TT,0.0196078431372549
2025-06-30,SATS,0.0196078431372549
2025-06-30,GEV,0.0196078431372549
2025-06-30,GE,0.0196078431372549
2025-06-30,FIX,0.0196078431372549
2025-06-30,PWR,0.0196078431372549
2025-06-30,RCL,0.0196078431372549
2025-06-30,EME,0.0196078431372549
2025-06-30,DASH,0.0196078431372549
2025-06-30,CVS,0.0196078431372549
2025-06-30,DG,0.0196078431372549
2025-06-30,CRWD,0.0196078431372549
2025-06-30,CVNA,0.0196078431372549
2025-06-30,SMCI,0.0196078431372549
2025-06-30,STX,0.0196078431372549
2025-06-30,DLTR,0.0196078431372549
2025-06-30,LITE,0.0196078431372549
2025-06-30,NRG,0.0196078431372549
2025-06-30,LRCX,0.0196078431372549
2025-06-30,KLAC,0.0196078431372549
2025-06-30,NTRS,0.0196078431372549
2025-06-30,NVDA,0.0196078431372549
2025-06-30,NFLX,0.0196078431372549
2025-06-30,META,0.0196078431372549
2025-06-30,MOS,0.0196078431372549
2025-06-30,MU,0.0196078431372549
2025-06-30,NEM,0.0196078431372549
2025-06-30,MCHP,0.0196078431372549
2025-06-30,HOOD,0.0196078431372549
2025-06-30,HWM,0.0196078431372549
2025-06-30,IBM,0.0196078431372549
2025-06-30,GS,0.0196078431372549
2025-06-30,PLTR,0.0196078431372549
2025-06-30,PM,0.0196078431372549
2025-06-30,ORCL,0.0196078431372549
2025-06-30,JBL,0.0196078431372549
2025-06-30,JCI,0.0196078431372549
2025-06-30,APH,0.0196078431372549
2025-06-30,CCL,0.0196078431372549
2025-06-30,UBER,0.0196078431372549
2025-06-30,CEG,0.0196078431372549
2025-06-30,WDC,0.0196078431372549
2025-06-30,VRT,0.0196078431372549
2025-06-30,VRSN,0.0196078431372549
2025-06-30,CAH,0.0196078431372549
2025-06-30,AVGO,0.0196078431372549
2025-06-30,AXON,0.0196078431372549
2025-06-30,VST,0.0196078431372549
2025-06-30,TPR,0.0196078431372549
2025-06-30,COIN,0.0196078431372549
2025-06-30,AMD,0.0196078431372549
2025-06-30,TKO,0.0196078431372549
2025-07-16,VST,0.0196078431372549
2025-07-16,BEN,0.0196078431372549
2025-07-16,AVGO,0.0196078431372549
2025-07-16,HOOD,0.0196078431372549
2025-07-16,IBKR,0.0196078431372549
2025-07-16,HWM,0.0196078431372549
2025-07-16,BA,0.0196078431372549
2025-07-16,VRT,0.0196078431372549
2025-07-16,NTRS,0.0196078431372549
2025-07-16,WDC,0.0196078431372549
2025-07-16,NVDA,0.0196078431372549
2025-07-16,LUV,0.0196078431372549
2025-07-16,LRCX,0.0196078431372549
2025-07-16,LVS,0.0196078431372549
2025-07-16,NRG,0.0196078431372549
2025-07-16,LITE,0.0196078431372549
2025-07-16,NFLX,0.0196078431372549
2025-07-16,AMD,0.0196078431372549
2025-07-16,WYNN,0.0196078431372549
2025-07-16,JCI,0.0196078431372549
2025-07-16,JBL,0.0196078431372549
2025-07-16,ON,0.0196078431372549
2025-07-16,ORCL,0.0196078431372549
2025-07-16,MU,0.0196078431372549
2025-07-16,APH,0.0196078431372549
2025-07-16,KLAC,0.0196078431372549
2025-07-16,WBD,0.0196078431372549
2025-07-16,MCHP,0.0196078431372549
2025-07-16,DLTR,0.0196078431372549
2025-07-16,EME,0.0196078431372549
2025-07-16,STX,0.0196078431372549
2025-07-16,SNPS,0.0196078431372549
2025-07-16,SMCI,0.0196078431372549
2025-07-16,EL,0.0196078431372549
2025-07-16,CVNA,0.0196078431372549
2025-07-16,COIN,0.0196078431372549
2025-07-16,COHR,0.0196078431372549
2025-07-16,DG,0.0196078431372549
2025-07-16,DASH,0.0196078431372549
2025-07-16,TPR,0.0196078431372549
2025-07-16,GEV,0.0196078431372549
2025-07-16,GE,0.0196078431372549
2025-07-16,HAS,0.0196078431372549
2025-07-16,GS,0.0196078431372549
2025-07-16,SATS,0.0196078431372549
2025-07-16,CCL,0.0196078431372549
2025-07-16,PLTR,0.0196078431372549
2025-07-16,FIX,0.0196078431372549
2025-07-16,C,0.0196078431372549
2025-07-16,RCL,0.0196078431372549
2025-07-16,ROK,0.0196078431372549
